"","Series.ID","Report.Header.01","Series.Grouping.1","Country","City","Unit","Unit.Amount","Weight.KG","Name","Product.Category.01","Product.Category.02","Currency","FX.to.apply","Source","Price.Level","File.Name"
"1","Series.ID","Report.Header.01","Series.Grouping.1","Country","City","Unit",NA,NA,"Name","Product.Category.01","Product.Category.02","Currency","FX.to.apply","Source","Price.Level","File.Name"
"2","A1Cod001","cod",NA,"France","Paris","",NA,NA,"","Cod","","Denier","French.Denier.in.Grams.Ag","Allaire","Wealthy Noble","Allaire Report 1 Headers.csv"
"3","A1Cod002","entire cod",NA,"France","Paris","",NA,NA,"","Cod","","Denier","French.Denier.in.Grams.Ag","Allaire","Wealthy Noble","Allaire Report 1 Headers.csv"
"4","A1Cod003","fresh cod","1","France","Paris","Fish",1,7.69,"Fresh Cod (Paris Allaire)","Cod","Fresh Cod","Denier","French.Denier.in.Grams.Ag","Allaire","Wealthy Noble","Allaire Report 1 Headers.csv"
"5","A1Cod004","big fresh cod (20 inches & more)",NA,"France","Paris","",NA,NA,"","Cod","","Denier","French.Denier.in.Grams.Ag","Allaire","Wealthy Noble","Allaire Report 1 Headers.csv"
"6","A1Cod005","fresh cod (16-18 inches)",NA,"France","Paris","",NA,NA,"","Cod","Fresh Cod","Denier","French.Denier.in.Grams.Ag","Allaire","Wealthy Noble","Allaire Report 1 Headers.csv"
"7","A1Cod006","smaller fresh cod",NA,"France","Paris","",NA,NA,"","Cod","Fresh Cod","Denier","French.Denier.in.Grams.Ag","Allaire","Wealthy Noble","Allaire Report 1 Headers.csv"
"8","A1Cod007","piece of cod",NA,"France","Paris","",NA,NA,"","Cod","","Denier","French.Denier.in.Grams.Ag","Allaire","Wealthy Noble","Allaire Report 1 Headers.csv"
"9","A1Cod008","dry cod (maybe Stockfish : dry non-salted)",NA,"France","Paris","",NA,NA,"","Cod","Dry cod (possibly Stockfish)","Denier","French.Denier.in.Grams.Ag","Allaire","Wealthy Noble","Allaire Report 1 Headers.csv"
"10","A1Cod009","salted cod","1","France","Paris","Fish",1,7.69,"Salted Cod (Paris Allaire)","Cod","Salted Cod","Denier","French.Denier.in.Grams.Ag","Allaire","Wealthy Noble","Allaire Report 1 Headers.csv"
"11","A1Cod010","salted cod (making 4 pieces)",NA,"France","Paris","",NA,NA,"","Cod","Salted Cod","Denier","French.Denier.in.Grams.Ag","Allaire","Wealthy Noble","Allaire Report 1 Headers.csv"
"12","A1Cod011","salted cod (making 3 pieces)",NA,"France","Paris","",NA,NA,"","Cod","Salted Cod","Denier","French.Denier.in.Grams.Ag","Allaire","Wealthy Noble","Allaire Report 1 Headers.csv"
"13","A1Cod012","piece of salted cod",NA,"France","Paris","",NA,NA,"","Cod","Salted Cod","Denier","French.Denier.in.Grams.Ag","Allaire","Wealthy Noble","Allaire Report 1 Headers.csv"
"14","A1Cod013","salted Newfoundland cod",NA,"France","Paris","",NA,NA,"","Cod","Newfoundland cod","Denier","French.Denier.in.Grams.Ag","Allaire","Wealthy Noble","Allaire Report 1 Headers.csv"
"15","A1Cod014","entire and salted Newfoundland cod",NA,"France","Paris","",NA,NA,"","Cod","Newfoundland cod","Denier","French.Denier.in.Grams.Ag","Allaire","Wealthy Noble","Allaire Report 1 Headers.csv"
"16","A1Cod015","entire Newfoundland cod","1","France","Paris","Fish",1,7.69,"Newfoundland Cod (Paris Allaire)","Cod","Newfoundland cod","Denier","French.Denier.in.Grams.Ag","Allaire","Wealthy Noble","Allaire Report 1 Headers.csv"
"17","A1Cod016","Newfoundland cod (making 6 pieces)",NA,"France","Paris","",NA,NA,"","Cod","Newfoundland cod","Denier","French.Denier.in.Grams.Ag","Allaire","Wealthy Noble","Allaire Report 1 Headers.csv"
"18","A1Cod017","Newfoundland cod (making 5 pieces)",NA,"France","Paris","",NA,NA,"","Cod","Newfoundland cod","Denier","French.Denier.in.Grams.Ag","Allaire","Wealthy Noble","Allaire Report 1 Headers.csv"
"19","A1Cod018","Newfoundland cod (making 4 pieces)",NA,"France","Paris","",NA,NA,"","Cod","Newfoundland cod","Denier","French.Denier.in.Grams.Ag","Allaire","Wealthy Noble","Allaire Report 1 Headers.csv"
"20","A1Cod019","piece of Newfoundland cod",NA,"France","Paris","",NA,NA,"","Cod","Newfoundland cod","Denier","French.Denier.in.Grams.Ag","Allaire","Wealthy Noble","Allaire Report 1 Headers.csv"
"21","A1Cod020","new cod (making 6 pieces)",NA,"France","Paris","",NA,NA,"","Cod","New Cod","Denier","French.Denier.in.Grams.Ag","Allaire","Wealthy Noble","Allaire Report 1 Headers.csv"
"22","A1Cod021","prepared (dry) cod",NA,"France","Paris","",NA,NA,"","Cod","","Denier","French.Denier.in.Grams.Ag","Allaire","Wealthy Noble","Allaire Report 1 Headers.csv"
"23","A1Cod022","big processed cod (for 2 or 3 plates)",NA,"France","Paris","",NA,NA,"","Cod","","Denier","French.Denier.in.Grams.Ag","Allaire","Wealthy Noble","Allaire Report 1 Headers.csv"
"24","A1Cod023","piece of white cod",NA,"France","Paris","",NA,NA,"","Cod","White Cod","Denier","French.Denier.in.Grams.Ag","Allaire","Wealthy Noble","Allaire Report 1 Headers.csv"
"25","A1Cod024","Flander cod",NA,"France","Paris","",NA,NA,"","Cod","Flanders cod","Denier","French.Denier.in.Grams.Ag","Allaire","Wealthy Noble","Allaire Report 1 Headers.csv"
"26","A1Cod025","salted Flander cod",NA,"France","Paris","",NA,NA,"","Cod","Flanders cod (salted)","Denier","French.Denier.in.Grams.Ag","Allaire","Wealthy Noble","Allaire Report 1 Headers.csv"
"27","A1Cod026","piece of Flander cod",NA,"France","Paris","",NA,NA,"","Cod","Flanders cod","Denier","French.Denier.in.Grams.Ag","Allaire","Wealthy Noble","Allaire Report 1 Headers.csv"
"28","A1Cod027","entire & salted Iceland cod",NA,"France","Paris","",NA,NA,"","Cod","Salted Iceland cod","Denier","French.Denier.in.Grams.Ag","Allaire","Wealthy Noble","Allaire Report 1 Headers.csv"
"29","A1Cod028","piece of Iceland cod",NA,"France","Paris","",NA,NA,"","Cod","Iceland cod","Denier","French.Denier.in.Grams.Ag","Allaire","Wealthy Noble","Allaire Report 1 Headers.csv"
"30","A1Cod029","moluant (unidentified but with cod)",NA,"France","Paris","",NA,NA,"","Cod","","Denier","French.Denier.in.Grams.Ag","Allaire","Wealthy Noble","Allaire Report 1 Headers.csv"
"31","A1Cod030","cabeliau",NA,"France","Paris","",NA,NA,"","Cod","","Denier","French.Denier.in.Grams.Ag","Allaire","Wealthy Noble","Allaire Report 1 Headers.csv"
"32","A1Cod031","calibaud (cabeliau?)",NA,"France","Paris","",NA,NA,"","Cod","","Denier","French.Denier.in.Grams.Ag","Allaire","Wealthy Noble","Allaire Report 1 Headers.csv"
"33","A1Cod032","cod tripe (100 of)",NA,"France","Paris","",NA,NA,"","Cod","","Denier","French.Denier.in.Grams.Ag","Allaire","Wealthy Noble","Allaire Report 1 Headers.csv"
"34","A1Gad001","haddock",NA,"France","Paris","",NA,NA,"","","","Denier","French.Denier.in.Grams.Ag","Allaire","Wealthy Noble","Allaire Report 1 Headers.csv"
"35","A1Gad002","fresh whiting",NA,"France","Paris","",NA,NA,"","","","Denier","French.Denier.in.Grams.Ag","Allaire","Wealthy Noble","Allaire Report 1 Headers.csv"
"36","A1Gad003","salted whiting",NA,"France","Paris","",NA,NA,"","","","Denier","French.Denier.in.Grams.Ag","Allaire","Wealthy Noble","Allaire Report 1 Headers.csv"
"37","A1Gad004","whiting (1 foot long)",NA,"France","Paris","",NA,NA,"","","","Denier","French.Denier.in.Grams.Ag","Allaire","Wealthy Noble","Allaire Report 1 Headers.csv"
"38","A1Gad005","hake",NA,"France","Paris","",NA,NA,"","","","Denier","French.Denier.in.Grams.Ag","Allaire","Wealthy Noble","Allaire Report 1 Headers.csv"
"39","A1Gad006","humid hake",NA,"France","Paris","",NA,NA,"","","","Denier","French.Denier.in.Grams.Ag","Allaire","Wealthy Noble","Allaire Report 1 Headers.csv"
"40","A1Gad007","salted hake",NA,"France","Paris","",NA,NA,"","","","Denier","French.Denier.in.Grams.Ag","Allaire","Wealthy Noble","Allaire Report 1 Headers.csv"
"41","A1Gad008","fresh hake",NA,"France","Paris","",NA,NA,"","","","Denier","French.Denier.in.Grams.Ag","Allaire","Wealthy Noble","Allaire Report 1 Headers.csv"
"42","A1Gad009","processed hake",NA,"France","Paris","",NA,NA,"","","","Denier","French.Denier.in.Grams.Ag","Allaire","Wealthy Noble","Allaire Report 1 Headers.csv"
"43","A1Gad010","processed hake (for two plates)",NA,"France","Paris","",NA,NA,"","","","Denier","French.Denier.in.Grams.Ag","Allaire","Wealthy Noble","Allaire Report 1 Headers.csv"
"44","A1Gad011","merluche-hake",NA,"France","Paris","",NA,NA,"","","","Denier","French.Denier.in.Grams.Ag","Allaire","Wealthy Noble","Allaire Report 1 Headers.csv"
"45","A1Gad012","salted merluche-hake",NA,"France","Paris","",NA,NA,"","","","Denier","French.Denier.in.Grams.Ag","Allaire","Wealthy Noble","Allaire Report 1 Headers.csv"
"46","A1SS001","white (salted) herring (100)",NA,"France","Paris","",NA,NA,"","Herring","","Denier","French.Denier.in.Grams.Ag","Allaire","Wealthy Noble","Allaire Report 1 Headers.csv"
"47","A1SS002","marked white (salted) herring (100)",NA,"France","Paris","",NA,NA,"","Herring","","Denier","French.Denier.in.Grams.Ag","Allaire","Wealthy Noble","Allaire Report 1 Headers.csv"
"48","A1SS003","bloater herring (100)",NA,"France","Paris","",NA,NA,"","Herring","","Denier","French.Denier.in.Grams.Ag","Allaire","Wealthy Noble","Allaire Report 1 Headers.csv"
"49","A1SS004","fresh herring (100)","1","France","Paris","Fish",100,12,"Herring (Paris Allaire)","Herring","","Denier","French.Denier.in.Grams.Ag","Allaire","Wealthy Noble","Allaire Report 1 Headers.csv"
"50","A1SS005","fresh herring (pound)",NA,"France","Paris","",NA,NA,"","Herring","","Denier","French.Denier.in.Grams.Ag","Allaire","Wealthy Noble","Allaire Report 1 Headers.csv"
"51","A1SS006","fresh and salted sardine (100)",NA,"France","Paris","",NA,NA,"","","","Denier","French.Denier.in.Grams.Ag","Allaire","Wealthy Noble","Allaire Report 1 Headers.csv"
"52","A1SS007","fresh sardine (100)",NA,"France","Paris","",NA,NA,"","","","Denier","French.Denier.in.Grams.Ag","Allaire","Wealthy Noble","Allaire Report 1 Headers.csv"
"53","A1SS008","smelt (100)",NA,"France","Paris","",NA,NA,"","","","Denier","French.Denier.in.Grams.Ag","Allaire","Wealthy Noble","Allaire Report 1 Headers.csv"
"54","A1SS009","maniveau (basket 5 x 10 inches) of smelt",NA,"France","Paris","",NA,NA,"","","","Denier","French.Denier.in.Grams.Ag","Allaire","Wealthy Noble","Allaire Report 1 Headers.csv"
"55","A1SS010","basket of smelt",NA,"France","Paris","",NA,NA,"","","","Denier","French.Denier.in.Grams.Ag","Allaire","Wealthy Noble","Allaire Report 1 Headers.csv"
"56","A1SS011","anchovy (pound)",NA,"France","Paris","",NA,NA,"","","","Denier","French.Denier.in.Grams.Ag","Allaire","Wealthy Noble","Allaire Report 1 Headers.csv"
"57","A1SS012","anchovy (100)",NA,"France","Paris","",NA,NA,"","","","Denier","French.Denier.in.Grams.Ag","Allaire","Wealthy Noble","Allaire Report 1 Headers.csv"
"58","A1SS013","anchovy (barrel of 4 pounds)",NA,"France","Paris","",NA,NA,"","","","Denier","French.Denier.in.Grams.Ag","Allaire","Wealthy Noble","Allaire Report 1 Headers.csv"
"59","A1SS014","fresh shad",NA,"France","Paris","",NA,NA,"","","","Denier","French.Denier.in.Grams.Ag","Allaire","Wealthy Noble","Allaire Report 1 Headers.csv"
"60","A1SS015","salted shad",NA,"France","Paris","",NA,NA,"","","","Denier","French.Denier.in.Grams.Ag","Allaire","Wealthy Noble","Allaire Report 1 Headers.csv"
"61","A1SS016","Seine (river) shad",NA,"France","Paris","",NA,NA,"","","","Denier","French.Denier.in.Grams.Ag","Allaire","Wealthy Noble","Allaire Report 1 Headers.csv"
"62","A1SS017","Nantes (city) shad",NA,"France","Paris","",NA,NA,"","","","Denier","French.Denier.in.Grams.Ag","Allaire","Wealthy Noble","Allaire Report 1 Headers.csv"
"63","A1SS018","sole (1 big of 1 foot & more or 2 small)",NA,"France","Paris","",NA,NA,"","","","Denier","French.Denier.in.Grams.Ag","Allaire","Wealthy Noble","Allaire Report 1 Headers.csv"
"64","A1SS019","salted sole",NA,"France","Paris","",NA,NA,"","","","Denier","French.Denier.in.Grams.Ag","Allaire","Wealthy Noble","Allaire Report 1 Headers.csv"
"65","A1SS020","big ray (or skate?)",NA,"France","Paris","",NA,NA,"","","","Denier","French.Denier.in.Grams.Ag","Allaire","Wealthy Noble","Allaire Report 1 Headers.csv"
"66","A1SS021","plaice",NA,"France","Paris","",NA,NA,"","","","Denier","French.Denier.in.Grams.Ag","Allaire","Wealthy Noble","Allaire Report 1 Headers.csv"
"67","A1SS022","big spotted seabass (2 feet)",NA,"France","Paris","",NA,NA,"","","","Denier","French.Denier.in.Grams.Ag","Allaire","Wealthy Noble","Allaire Report 1 Headers.csv"
"68","A1SS023","big seabass",NA,"France","Paris","",NA,NA,"","","","Denier","French.Denier.in.Grams.Ag","Allaire","Wealthy Noble","Allaire Report 1 Headers.csv"
"69","A1SS024","fresh mackerel",NA,"France","Paris","",NA,NA,"","","","Denier","French.Denier.in.Grams.Ag","Allaire","Wealthy Noble","Allaire Report 1 Headers.csv"
"70","A1SS025","salted mackerel",NA,"France","Paris","",NA,NA,"","","","Denier","French.Denier.in.Grams.Ag","Allaire","Wealthy Noble","Allaire Report 1 Headers.csv"
"71","A1SS026","tuna (pound)",NA,"France","Paris","",NA,NA,"","","","Denier","French.Denier.in.Grams.Ag","Allaire","Wealthy Noble","Allaire Report 1 Headers.csv"
"72","A1SS027","fresh tuna (pound)",NA,"France","Paris","",NA,NA,"","","","Denier","French.Denier.in.Grams.Ag","Allaire","Wealthy Noble","Allaire Report 1 Headers.csv"
"73","A1SS028","marinated tuna (pound)",NA,"France","Paris","",NA,NA,"","","","Denier","French.Denier.in.Grams.Ag","Allaire","Wealthy Noble","Allaire Report 1 Headers.csv"
"74","A1SS029","whale (pound)",NA,"France","Paris","",NA,NA,"","","","Denier","French.Denier.in.Grams.Ag","Allaire","Wealthy Noble","Allaire Report 1 Headers.csv"
"75","A1SS030","porpoise (pound)",NA,"France","Paris","",NA,NA,"","","","Denier","French.Denier.in.Grams.Ag","Allaire","Wealthy Noble","Allaire Report 1 Headers.csv"
"76","A1SF001","crab",NA,"France","Paris","",NA,NA,"","","","Denier","French.Denier.in.Grams.Ag","Allaire","Wealthy Noble","Allaire Report 1 Headers.csv"
"77","A1SF002","lobster",NA,"France","Paris","",NA,NA,"","","","Denier","French.Denier.in.Grams.Ag","Allaire","Wealthy Noble","Allaire Report 1 Headers.csv"
"78","A1SF003","shelled oyster (100)",NA,"France","Paris","",NA,NA,"","","","Denier","French.Denier.in.Grams.Ag","Allaire","Wealthy Noble","Allaire Report 1 Headers.csv"
"79","A1SF004","oyster with shell (100) (or in rock)",NA,"France","Paris","",NA,NA,"","","","Denier","French.Denier.in.Grams.Ag","Allaire","Wealthy Noble","Allaire Report 1 Headers.csv"
"80","A1SF005","big shelled oyster (100)",NA,"France","Paris","",NA,NA,"","","","Denier","French.Denier.in.Grams.Ag","Allaire","Wealthy Noble","Allaire Report 1 Headers.csv"
"81","A1SF006","big oyster with shell (100) (in rock)",NA,"France","Paris","",NA,NA,"","","","Denier","French.Denier.in.Grams.Ag","Allaire","Wealthy Noble","Allaire Report 1 Headers.csv"
"82","A1SF007","small shelled oyster (100)",NA,"France","Paris","",NA,NA,"","","","Denier","French.Denier.in.Grams.Ag","Allaire","Wealthy Noble","Allaire Report 1 Headers.csv"
"83","A1SF008","small oyster with shell (100) (in rock)",NA,"France","Paris","",NA,NA,"","","","Denier","French.Denier.in.Grams.Ag","Allaire","Wealthy Noble","Allaire Report 1 Headers.csv"
"84","A1SF009","small oyster from Saintonge or Brittany (100)",NA,"France","Paris","",NA,NA,"","","","Denier","French.Denier.in.Grams.Ag","Allaire","Wealthy Noble","Allaire Report 1 Headers.csv"
"85","A1SF010","big oyster from England (100)",NA,"France","Paris","",NA,NA,"","","","Denier","French.Denier.in.Grams.Ag","Allaire","Wealthy Noble","Allaire Report 1 Headers.csv"
"86","A1SF011","small oyster from England (100)",NA,"France","Paris","",NA,NA,"","","","Denier","French.Denier.in.Grams.Ag","Allaire","Wealthy Noble","Allaire Report 1 Headers.csv"
"87","A1SF012","big oyster from Marennes or La Rochelle (100)",NA,"France","Paris","",NA,NA,"","","","Denier","French.Denier.in.Grams.Ag","Allaire","Wealthy Noble","Allaire Report 1 Headers.csv"
"88","A1SF013","big oyster from La Rochelle (no format)",NA,"France","Paris","",NA,NA,"","","","Denier","French.Denier.in.Grams.Ag","Allaire","Wealthy Noble","Allaire Report 1 Headers.csv"
"89","A1SF014","marinated oyster (barrel)",NA,"France","Paris","",NA,NA,"","","","Denier","French.Denier.in.Grams.Ag","Allaire","Wealthy Noble","Allaire Report 1 Headers.csv"
"90","A1FW001","big pike (2 feet & more)",NA,"France","Paris","",NA,NA,"","","","Denier","French.Denier.in.Grams.Ag","Allaire","Wealthy Noble","Allaire Report 1 Headers.csv"
"91","A1FW002","big carp (2 feet & more)",NA,"France","Paris","",NA,NA,"","","","Denier","French.Denier.in.Grams.Ag","Allaire","Wealthy Noble","Allaire Report 1 Headers.csv"
"92","A1FW003","big fresh salmon (2 feet & more)",NA,"France","Paris","",NA,NA,"","","","Denier","French.Denier.in.Grams.Ag","Allaire","Wealthy Noble","Allaire Report 1 Headers.csv"
"93","A1FW004","big fresh salmon (3 feet & more)",NA,"France","Paris","",NA,NA,"","","","Denier","French.Denier.in.Grams.Ag","Allaire","Wealthy Noble","Allaire Report 1 Headers.csv"
"94","A1FW005","big piŠc (saumon feet & more)",NA,"France","Paris","",NA,NA,"","","","Denier","French.Denier.in.Grams.Ag","Allaire","Wealthy Noble","Allaire Report 1 Headers.csv"
"95","A1FW006","big salted salmon (2 feet & more)",NA,"France","Paris","",NA,NA,"","","","Denier","French.Denier.in.Grams.Ag","Allaire","Wealthy Noble","Allaire Report 1 Headers.csv"
"96","A1FW007","fresh salmon (pound)",NA,"France","Paris","",NA,NA,"","","","Denier","French.Denier.in.Grams.Ag","Allaire","Wealthy Noble","Allaire Report 1 Headers.csv"
"97","A1FW008","salted salmon (pound)",NA,"France","Paris","",NA,NA,"","","","Denier","French.Denier.in.Grams.Ag","Allaire","Wealthy Noble","Allaire Report 1 Headers.csv"
"98","A1FW009","big trout (2 feet & more)",NA,"France","Paris","",NA,NA,"","","","Denier","French.Denier.in.Grams.Ag","Allaire","Wealthy Noble","Allaire Report 1 Headers.csv"
"99","A1FW010","frog (100)",NA,"France","Paris","",NA,NA,"","","","Denier","French.Denier.in.Grams.Ag","Allaire","Wealthy Noble","Allaire Report 1 Headers.csv"
"100","A1Ot001","entire salted ham (7-8 pounds)",NA,"France","Paris","",NA,NA,"","","","Denier","French.Denier.in.Grams.Ag","Allaire","Wealthy Noble","Allaire Report 1 Headers.csv"
"101","A1Ot002","common fresh & salted pork ham",NA,"France","Paris","",NA,NA,"","","","Denier","French.Denier.in.Grams.Ag","Allaire","Wealthy Noble","Allaire Report 1 Headers.csv"
"102","A1Ot003","common salted pork ham (pound)",NA,"France","Paris","",NA,NA,"","","","Denier","French.Denier.in.Grams.Ag","Allaire","Wealthy Noble","Allaire Report 1 Headers.csv"
"103","A1Ot004","Mainz & Bayonne pork ham (pound)",NA,"France","Paris","",NA,NA,"","","","Denier","French.Denier.in.Grams.Ag","Allaire","Wealthy Noble","Allaire Report 1 Headers.csv"
"104","A1Ot005","salted pork (pound)",NA,"France","Paris","",NA,NA,"","","","Denier","French.Denier.in.Grams.Ag","Allaire","Wealthy Noble","Allaire Report 1 Headers.csv"
"105","A1Ot006","fresh pork (pound)",NA,"France","Paris","Pound",1,0.5,"Pork (Paris Allaire)","Pork","","Denier","French.Denier.in.Grams.Ag","Allaire","Wealthy Noble","Allaire Report 1 Headers.csv"
"106","A1Ot007","fresh beef (pound)","1","France","Paris","Pound",1,0.5,"Beef (Paris Allaire)","Beef","","Denier","French.Denier.in.Grams.Ag","Allaire","Wealthy Noble","Allaire Report 1 Headers.csv"
"107","A1Ot008","fat chicken",NA,"France","Paris","Pound",1,1.2,"Chicken (Paris Allaire)","Chicken","","Denier","French.Denier.in.Grams.Ag","Allaire","Wealthy Noble","Allaire Report 1 Headers.csv"
"108","A1Ot009","eggs (100)","1","France","Paris","Egg",100,5,"Eggs (Paris Allaire)","Eggs","","Denier","French.Denier.in.Grams.Ag","Allaire","Wealthy Noble","Allaire Report 1 Headers.csv"
"109","A1Ot010","olive oil (pound)",NA,"France","Paris","",NA,NA,"","","","Denier","French.Denier.in.Grams.Ag","Allaire","Wealthy Noble","Allaire Report 1 Headers.csv"
"110","A1Ot011","8 onces small white bread (dozen)",NA,"France","Paris","Bread",12,0.34,"8 onces small white bread dozen (Paris Allaire)","Bread","","Denier","French.Denier.in.Grams.Ag","Allaire","Wealthy Noble","Allaire Report 1 Headers.csv"
"111","A1Ot012","8 onces soft small white bread (dozen)",NA,"France","Paris","Bread",12,0.34,"8 onces soft small white bread dozen (Paris Allaire)","Bread","","Denier","French.Denier.in.Grams.Ag","Allaire","Wealthy Noble","Allaire Report 1 Headers.csv"
"112","A1Ot013","big soft bread",NA,"France","Paris","",NA,NA,"","","","Denier","French.Denier.in.Grams.Ag","Allaire","Wealthy Noble","Allaire Report 1 Headers.csv"
"113","A1Ot014","""de bouche"" white & red wine (pint of Paris)",NA,"France","Paris","",NA,NA,"","","","Denier","French.Denier.in.Grams.Ag","Allaire","Wealthy Noble","Allaire Report 1 Headers.csv"
"114","A1Ot015","""de bouche"" white & red wine (muid of Paris)",NA,"France","Paris","",NA,NA,"","","","Denier","French.Denier.in.Grams.Ag","Allaire","Wealthy Noble","Allaire Report 1 Headers.csv"
"115","A1Ot016","""de bouche"" wine (pint)",NA,"France","Paris","",NA,NA,"","","","Denier","French.Denier.in.Grams.Ag","Allaire","Wealthy Noble","Allaire Report 1 Headers.csv"
"116","A1Ot017","""de suite"" white & red wine (pint of Paris)",NA,"France","Paris","",NA,NA,"","","","Denier","French.Denier.in.Grams.Ag","Allaire","Wealthy Noble","Allaire Report 1 Headers.csv"
"117","A1Ot018","""de suite"" white & red wine (muid of Paris)",NA,"France","Paris","",NA,NA,"","","","Denier","French.Denier.in.Grams.Ag","Allaire","Wealthy Noble","Allaire Report 1 Headers.csv"
"118","A1Ot019","""de suite"" wine (pint)",NA,"France","Paris","",NA,NA,"","","","Denier","French.Denier.in.Grams.Ag","Allaire","Wealthy Noble","Allaire Report 1 Headers.csv"
"119","A1Ot020","""common"" white & red wine (pint of Paris)",NA,"France","Paris","",NA,NA,"","","","Denier","French.Denier.in.Grams.Ag","Allaire","Wealthy Noble","Allaire Report 1 Headers.csv"
"120","A1Ot021","""common"" white & red wine (muid of Paris)",NA,"France","Paris","",NA,NA,"","","","Denier","French.Denier.in.Grams.Ag","Allaire","Wealthy Noble","Allaire Report 1 Headers.csv"
"121","A1Ot022","""common"" wine (pint)",NA,"France","Paris","",NA,NA,"","","","Denier","French.Denier.in.Grams.Ag","Allaire","Wealthy Noble","Allaire Report 1 Headers.csv"
"122","A1Ot023","wood logs (100)",NA,"France","Paris","",NA,NA,"","","","Denier","French.Denier.in.Grams.Ag","Allaire","Wealthy Noble","Allaire Report 1 Headers.csv"
"123","A1Ot024","bundle & fagot (100)",NA,"France","Paris","",NA,NA,"","","","Denier","French.Denier.in.Grams.Ag","Allaire","Wealthy Noble","Allaire Report 1 Headers.csv"
"124","A1Ot025","charcoal (muid)",NA,"France","Paris","",NA,NA,"","","","Denier","French.Denier.in.Grams.Ag","Allaire","Wealthy Noble","Allaire Report 1 Headers.csv"
"125","DanzigHerring001","Herring (Unit?)",NA,"Poland","Gdansk","Beczka",1000,500,"Herring (Danzig)","Herring",NA,"Grams Ag","none","Allen-Unger",NA,"Gdansk Headers.csv"
"126","DanzigEggs001","Eggs",NA,"Poland","Gdansk","Beczka",15,0.6,"Eggs (Danzig)","Eggs",NA,"Grams Ag","none","Allen-Unger",NA,"Gdansk Headers.csv"
"127","DanzigBeef001","Beef",NA,"Poland","Gdansk","Beczka",1,200,"Beef (gdansk)","Beef",NA,"Grams Ag","none","Allen-Unger",NA,"Gdansk Headers.csv"
"128","DanzigBeef002","Beef",NA,"Poland","Gdansk","Beczka",1,0.434,"Beef (gdansk2)","Beef",NA,"Grams Ag","none","Allen-Unger",NA,"Gdansk Headers.csv"
"129","DanzigPork001","Pork",NA,"Poland","Gdansk","Beczka",1,100,"Prok (Gdansk)","Pork",NA,"Grams Ag","none","Allen-Unger",NA,"Gdansk Headers.csv"
"130","GdanskBarley001","Gdansk Barley 01",NA,"Poland","Gdansk","Grams Ag/litre",NA,NA,"Barley (Gdansk) 01","Barley",NA,"Grams Ag","none","Allen-Unger",NA,"Gdansk Headers.csv"
"131","GdanskWheat001","Gdansk Wheat 01",NA,"Poland","Gdansk","Grams Ag/litre",NA,NA,"Wheat (Gdansk) 01","Wheat",NA,"Grams Ag","none","Allen-Unger",NA,"Gdansk Headers.csv"
"132","GdanskRye001","Gdansk Rye 01",NA,"Poland","Gdansk","Grams Ag/litre",NA,NA,"Rye (Gdansk) 01","Rye",NA,"Grams Ag","none","Allen-Unger",NA,"Gdansk Headers.csv"
"133","GdanskPeas001","Gdansk Peas 01",NA,"Poland","Gdansk","Grams Ag/litre",NA,NA,"Peas (Gdansk) 01","Peas",NA,"Grams Ag","none","Allen-Unger",NA,"Gdansk Headers.csv"
"134","GdanskButter001","Gdansk Butter 01",NA,"Poland","Gdansk","Grams Ag/kg",NA,NA,"Butter (Gdansk) 01","Butter",NA,"Grams Ag","none","Allen-Unger",NA,"Gdansk Headers.csv"
"135","GdanskButter002","Gdansk Butter 02",NA,"Poland","Gdansk","Grams Ag/kg",NA,NA,"Butter (Gdansk) 02","Butter",NA,"Grams Ag","none","Allen-Unger",NA,"Gdansk Headers.csv"
"136","GdanskCheese001","Gdansk Cheese 01",NA,"Poland","Gdansk","Grams Ag/kg",NA,NA,"Cheese (Gdansk) 01","Cheese",NA,"Grams Ag","none","Allen-Unger",NA,"Gdansk Headers.csv"
"137","GdanskBeer001","Gdansk Beer 01",NA,"Poland","Gdansk","Grams Ag/litre",NA,NA,"Beer (Gdansk) 01","Beer",NA,"Grams Ag","none","Allen-Unger",NA,"Gdansk Headers.csv"
"138","GdanskBeef001","Gdansk Beef 01","1","Poland","Gdansk","Grams Ag/piece",1,200,"Beef (Gdansk)","Beef",NA,"Grams Ag","none","Allen-Unger",NA,"Gdansk Headers.csv"
"139","GdanskBeef002","Gdansk Beef 02",NA,"Poland","Gdansk","Grams Ag/kg",1,0.434,"Beef  (Gdansk) 02","Beef ",NA,"Grams Ag","none","Allen-Unger",NA,"Gdansk Headers.csv"
"140","GdanskCow001","Gdansk Cow 01","1","Poland","Gdansk","Grams Ag/piece",1,200,"Cow (Gdansk)","Cow",NA,"Grams Ag","none","Allen-Unger",NA,"Gdansk Headers.csv"
"141","GdanskVeal001","Gdansk Veal 01","1","Poland","Gdansk","Grams Ag/piece",1,50,"Veal (Gdansk)","Veal",NA,"Grams Ag","none","Allen-Unger",NA,"Gdansk Headers.csv"
"142","GdanskPork001","Gdansk Pork 01","1","Poland","Gdansk","Grams Ag/piece",1,100,"Pork (Gdansk)","Pork",NA,"Grams Ag","none","Allen-Unger",NA,"Gdansk Headers.csv"
"143","GdanskHorse001","Gdansk Horse 01",NA,"Poland","Gdansk","Grams Ag/piece",NA,NA,"Horse (Gdansk)","Horse",NA,"Grams Ag","none","Allen-Unger",NA,"Gdansk Headers.csv"
"144","GdanskMutton001","Gdansk Mutton 01","1","Poland","Gdansk","Grams Ag/piece",1,50,"Mutton (Gdansk) Series 1","Mutton",NA,"Grams Ag","none","Allen-Unger",NA,"Gdansk Headers.csv"
"145","GdanskMutton002","Gdansk Mutton 02","1","Poland","Gdansk","Grams Ag/piece",1,50,"Mutton (Gdansk) Series 2","Mutton",NA,"Grams Ag","none","Allen-Unger",NA,"Gdansk Headers.csv"
"146","GdanskLard001","Gdansk Lard 01",NA,"Poland","Gdansk","Grams Ag/kg",NA,NA,"Lard (Gdansk) 01","Lard",NA,"Grams Ag","none","Allen-Unger",NA,"Gdansk Headers.csv"
"147","GdanskGrease/Fat001","Gdansk Grease/Fat 01",NA,"Poland","Gdansk","Grams Ag/kg",NA,NA,"Grease/Fat (Gdansk) 01","Grease/Fat",NA,"Grams Ag","none","Allen-Unger",NA,"Gdansk Headers.csv"
"148","GdanskSugar001","Gdansk Sugar 01",NA,"Poland","Gdansk","Grams Ag/kg",NA,NA,"Sugar (Gdansk) 01","Sugar",NA,"Grams Ag","none","Allen-Unger",NA,"Gdansk Headers.csv"
"149","GdanskTallow001","Gdansk Tallow 01",NA,"Poland","Gdansk","Grams Ag/kg",NA,NA,"Tallow (Gdansk) 01","Tallow (""Loj"")",NA,"Grams Ag","none","Allen-Unger",NA,"Gdansk Headers.csv"
"150","GdanskEggs001","Gdansk Eggs 01",NA,"Poland","Gdansk","Grams Ag/piece",15,0.6,"Eggs (Gdansk) 01","Eggs",NA,"Grams Ag","none","Allen-Unger",NA,"Gdansk Headers.csv"
"151","GdanskRice001","Gdansk Rice 01",NA,"Poland","Gdansk","Grams Ag/kg",NA,NA,"Rice (Gdansk) 01","Rice",NA,"Grams Ag","none","Allen-Unger",NA,"Gdansk Headers.csv"
"152","GdanskHerring001","Gdansk Herring 01","1","Poland","Gdansk","Grams Ag/piece",1,0.12,"Herring (Gdansk)","Herring",NA,"Grams Ag","none","Allen-Unger",NA,"Gdansk Headers.csv"
"153","GdanskFirewood001","Gdansk Firewood 01",NA,"Poland","Gdansk","Grams Ag/kg",NA,NA,"Firewood (Gdansk) 01","Firewood",NA,"Grams Ag","none","Allen-Unger",NA,"Gdansk Headers.csv"
"154","GdanskFirewood002","Gdansk Firewood 02",NA,"Poland","Gdansk","Grams Ag/kg",NA,NA,"Firewood (Gdansk) 02","Firewood",NA,"Grams Ag","none","Allen-Unger",NA,"Gdansk Headers.csv"
"155","GdanskFirewood(pine)001","Gdansk Firewood (pine) 01",NA,"Poland","Gdansk","Grams Ag/kg",NA,NA,"Firewood (pine) (Gdansk) 01","Firewood (pine)",NA,"Grams Ag","none","Allen-Unger",NA,"Gdansk Headers.csv"
"156","GdanskFirewood(sazen)001","Gdansk Firewood (sazen) 01",NA,"Poland","Gdansk","Grams Ag/kg",NA,NA,"Firewood (sazen) (Gdansk) 01","Firewood (sazen)",NA,"Grams Ag","none","Allen-Unger",NA,"Gdansk Headers.csv"
"157","GdanskFirewood(oak)001","Gdansk Firewood (oak) 01",NA,"Poland","Gdansk","Grams Ag/kg",NA,NA,"Firewood (oak) (Gdansk) 01","Firewood (oak)",NA,"Grams Ag","none","Allen-Unger",NA,"Gdansk Headers.csv"
"158","GdanskCandles001","Gdansk Candles 01",NA,"Poland","Gdansk","Grams Ag/kg",NA,NA,"Candles (Gdansk) 01","Candles",NA,"Grams Ag","none","Allen-Unger",NA,"Gdansk Headers.csv"
"159","GdanskWax001","Gdansk Wax 01",NA,"Poland","Gdansk","Grams Ag/kg",NA,NA,"Wax (Gdansk) 01","Wax",NA,"Grams Ag","none","Allen-Unger",NA,"Gdansk Headers.csv"
"160","GdanskWax002","Gdansk Wax 02",NA,"Poland","Gdansk","Grams Ag/kg",NA,NA,"Wax (Gdansk) 02","Wax",NA,"Grams Ag","none","Allen-Unger",NA,"Gdansk Headers.csv"
"161","GdanskWhite Drapery001","Gdansk White Drapery 01",NA,"Poland","Gdansk","Grams Ag/m",NA,NA,"White Drapery (Gdansk) 01","White Drapery",NA,"Grams Ag","none","Allen-Unger",NA,"Gdansk Headers.csv"
"162","GdanskGrey Drapery001","Gdansk Grey Drapery 01",NA,"Poland","Gdansk","Grams Ag/m",NA,NA,"Grey Drapery (Gdansk) 01","Grey Drapery",NA,"Grams Ag","none","Allen-Unger",NA,"Gdansk Headers.csv"
"163","NurembergRye001","Nuremberg Rye","1","Germany","Nuremberg","Summer",1,397.278912,"Rye (Nuremberg)","Rye",NA,NA,"Gold.Ag.to.Silver.AG","Bauernfeind",NA,"Nurnberg Herring Headers.csv"
"164","NurembergSalt001","Nuremberg Salt","1","Germany","Nuremberg","Metzen",1,32.241852,"Salt (Nuremberg)","Salt",NA,NA,"Gold.Ag.to.Silver.AG","Bauernfeind",NA,"Nurnberg Herring Headers.csv"
"165","NurembergButter001","Nuremberg Butter",NA,"Germany","Nuremberg","Centner",1,50.9,"Butter (Nuremberg)","Butter",NA,NA,"Gold.Ag.to.Silver.AG","Bauernfeind",NA,"Nurnberg Herring Headers.csv"
"166","NurembergHerring001","Nuremberg Herring","1","Germany","Nuremberg","Tonne",1,700,"Herring (Nuremberg)","Herring",NA,NA,"Gold.Ag.to.Silver.AG","Bauernfeind",NA,"Nurnberg Herring Headers.csv"
"167","FeSpanCod001","I. Compras de los conventos. (VII. 4)","1","Spain","Barcelona","Barrel?",1,10.4,"Bacalao (Barcelona)","Cod","Bacalao",NA,"Spain.Real.to.Grams.AG.V.Cataluna","Feliu",NA,"Spain Feliu Header.csv"
"168","FeSpanCod002","II. Tasa municipal. (VII. 4)",NA,"Spain","Barcelona","",NA,10.4,"Bacalao (Barcelona) 2","Cod","Bacalao",NA,"Spain.Real.to.Grams.AG.V.Cataluna","Feliu",NA,"Spain Feliu Header.csv"
"169","FeSpanCod003","III. Propuesta de unification.  (VII. 4)",NA,"Spain","Barcelona","",NA,10.4,"Bacalao (Barcelona) 3","Cod","Bacalao",NA,"Spain.Real.to.Grams.AG.V.Cataluna","Feliu",NA,"Spain Feliu Header.csv"
"170","FeSpanHerr01","I. Precios de compra.  (Purchase Price) (VII. 15)","1","Spain","Barcelona","",12,1.44,"Herring (Barcelona)","Herring","",NA,"Spain.Real.to.Grams.AG.V.Cataluna","Feliu",NA,"Spain Feliu Header.csv"
"171","FeSpanHerr02","II. Precios de tasa.  (Rate Price) Check what this means (VII. 15)",NA,"Spain","Barcelona","",12,1.44,"","Herring","",NA,"Spain.Real.to.Grams.AG.V.Cataluna","Feliu",NA,"Spain Feliu Header.csv"
"172","FeSpanMeat01","I: Barcelona. Tasa municipal. (IV.1)","1","Spain","Barcelona","",1,1.2,"Mutton (Barcelona)","Mutton","",NA,"Spain.Real.to.Grams.AG.V.Cataluna","Feliu",NA,"Spain Feliu Header.csv"
"173","FeSpanMeat02","II: Cervera. Precios de la carnicería municipal. (IV.1)",NA,"Spain","Barcelona","",NA,1.2,"Mutton (Barcelona) 2","Mutton","",NA,"Spain.Real.to.Grams.AG.V.Cataluna","Feliu",NA,"Spain Feliu Header.csv"
"174","FeSpanMeat03","III: Arenys de Mar. Precios de mercado. (IV.1)",NA,"Spain","Barcelona","",NA,1.2,"Mutton (Barcelona) 3","Mutton","",NA,"Spain.Real.to.Grams.AG.V.Cataluna","Feliu",NA,"Spain Feliu Header.csv"
"175","FeSpanCodComp001","I: Barcelona.","3","Spain","Barcelona","",1,1,"Bacalao (Barcelona) - 5yr","Cod","Bacalao",NA,"none","Feliu",NA,"Spain Feliu Header.csv"
"176","FeSpanCodComp002","II: Andalucía.","3","Spain","Andalucia","",1,1,"Bacalao (Andalucia) - 5yr","Cod","Bacalao",NA,"none","Feliu",NA,"Spain Feliu Header.csv"
"177","FeSpanCodComp003","III: Castilla la Nueva.","3","Spain","Castilla la Nueva","",1,1,"Bacalao (Castilla la Nueva) - 5yr","Cod","Bacalao",NA,"none","Feliu",NA,"Spain Feliu Header.csv"
"178","FeSpanCodComp004","IV: Valencia.","3","Spain","Valencia","",1,1,"Bacalao (Valencia) - 5yr","Cod","Bacalao",NA,"none","Feliu",NA,"Spain Feliu Header.csv"
"179","FeSpanWheat001","(VII. 4)III.2. PROPUESTA DE LA EVOLUCION DE LOS PRECIOS DEL TRIGO EN BARCELONA. I: Propuesta de precios a partir de los datos de E. Giralt, E. Serra y la Mercurial, en sueldos por cuartera.","1","Spain","Barcelona","",1,71.33,"Wheat (Barcelona)","Wheat","Wheat",NA,"Spain.Real.to.Grams.AG.V.Cataluna","Feliu",NA,"Spain Feliu Header.csv"
"180","DutchHerring001.old","The Dutch Price (Interpolated) [old]",NA,"Netherlands","Amsterdam","Barrel?",1,100,"Herring (Amsterdam interpolated) [old]","Herring","","","none","","","Dutch Prices Headers.csv"
"181","DutchHerring002.old","Dutch Herring [old]",NA,"Netherlands","Amsterdam","Barrel?",1,0.7,"Herring (Amsterdam) [old]","Herring","","Grams Ag","none","Allen-Unger","","Dutch Prices Headers.csv"
"182","DutchStockFish001.old","Dutch Stockfish",NA,"Netherlands","Amsterdam","",1,1,"Stockfish (Amsterdam) [old]","Cod","Stockfish","Grams Ag","none","Allen-Unger","","Dutch Prices Headers.csv"
"183","DutchSaltedCod001.old","Dutch Salted Cod",NA,"Netherlands","Amsterdam","",1,1000,"Salted Cod (Amsterdam) [old]","Cod","Salted Cod","Grams Ag","none","Allen-Unger","","Dutch Prices Headers.csv"
"184","DutchMeat001.old","Dutch Meat",NA,"Netherlands","Amsterdam","",1,1,"Meat (Amsterdam) [old]","Meat","","Grams Ag","none","Allen-Unger","","Dutch Prices Headers.csv"
"185","DutchHerring003.old","Dutch Herring (Full) [old]",NA,"Netherlands","Amsterdam","Barrel?",1,0.7,"Herring Full (Amsterdam) [old]","Herring","","Grams Ag","none","Allen-Unger","","Dutch Prices Headers.csv"
"186","DutchWheat001.old","Dutch Wheat",NA,"Netherlands","Amsterdam","",1,1,"Wheat (Amsterdam) [old]","Wheat","","Grams Ag","none","Allen-Unger","","Dutch Prices Headers.csv"
"187","Dutch.Frisian.Wheat.Source.Units.001","Dutch Frisian Wheat",NA,"Netherlands","Amsterdam","",1,2420,"Dutch Frisian Wheat","Frisian Wheat","","Guilders","Dutch.Guilder.to.Grams.Ag","Allen-Unger","","Dutch Prices Headers.csv"
"188","Dutch.Wheat.Source.Units.001","Dutch Wheat","1","Netherlands","Amsterdam","",1,90,"Dutch Wheat (Utrecht Non-Wholesale)","Wheat","","Guilders","Dutch.Guilder.to.Grams.Ag","Allen-Unger","Large Institutions","Dutch Prices Headers.csv"
"189","Dutch.Oats.Source.Units.001","Dutch Oats",NA,"Netherlands","Amsterdam","",NA,NA,"Dutch Oats","Oats","","Guilders","Dutch.Guilder.to.Grams.Ag","Allen-Unger","","Dutch Prices Headers.csv"
"190","Dutch.Barley.Source.Units.001","Dutch Barley",NA,"Netherlands","Amsterdam","",NA,NA,"Dutch Barley","Barley","","Guilders","Dutch.Guilder.to.Grams.Ag","Allen-Unger","","Dutch Prices Headers.csv"
"191","Dutch.Wheat.Source.Units.002","Dutch Wheat",NA,"Netherlands","Amsterdam","",1,53,"Dutch Wheat (Leyden)","Wheat","","Guilders","Dutch.Guilder.to.Grams.Ag","Allen-Unger","","Dutch Prices Headers.csv"
"192","Dutch.Rye.Source.Units.001","Dutch Rye",NA,"Netherlands","Amsterdam","",NA,NA,"Dutch Rye","Rye","","Guilders","Dutch.Guilder.to.Grams.Ag","Allen-Unger","","Dutch Prices Headers.csv"
"193","Dutch.Rye.Bread.Source.Units.001","Dutch Rye Bread",NA,"Netherlands","Amsterdam","",NA,NA,"Dutch Rye Bread","Rye Bread","","Stuiver","??","Allen-Unger","","Dutch Prices Headers.csv"
"194","Dutch.Barley.Source.Units.002","Dutch Barley",NA,"Netherlands","Amsterdam","",NA,NA,"Dutch Barley","Barley","","Guilders","Dutch.Guilder.to.Grams.Ag","Allen-Unger","","Dutch Prices Headers.csv"
"195","Dutch.Oats.Source.Units.002","Dutch Oats",NA,"Netherlands","Amsterdam","",NA,NA,"Dutch Oats","Oats","","Guilders","Dutch.Guilder.to.Grams.Ag","Allen-Unger","","Dutch Prices Headers.csv"
"196","Dutch.Rye.Source.Units.002","Dutch Rye",NA,"Netherlands","Amsterdam","",NA,NA,"Dutch Rye","Rye","","Guilders","Dutch.Guilder.to.Grams.Ag","Allen-Unger","","Dutch Prices Headers.csv"
"197","Dutch.Cloth.Source.Units.001","Dutch Cloth",NA,"Netherlands","Amsterdam","",NA,NA,"Dutch Cloth","Cloth","","Stuiver","??","Allen-Unger","","Dutch Prices Headers.csv"
"198","Dutch.Cloth.Source.Units.002","Dutch Cloth",NA,"Netherlands","Amsterdam","",NA,NA,"Dutch Cloth","Cloth","","Stuiver","??","Allen-Unger","","Dutch Prices Headers.csv"
"199","Dutch.Green.Peas.Source.Units.001","Dutch Green Peas",NA,"Netherlands","Amsterdam","",NA,NA,"Dutch Green Peas","Green Peas","","Guilders","Dutch.Guilder.to.Grams.Ag","Allen-Unger","","Dutch Prices Headers.csv"
"200","Dutch.Salt.Source.Units.001","Dutch Salt",NA,"Netherlands","Amsterdam","",NA,NA,"Dutch Salt","Salt","","Guilders","Dutch.Guilder.to.Grams.Ag","Allen-Unger","","Dutch Prices Headers.csv"
"201","Dutch.Beer.Source.Units.001","Dutch Beer",NA,"Netherlands","Amsterdam","",NA,NA,"Dutch Beer","Beer","","Guilders","Dutch.Guilder.to.Grams.Ag","Allen-Unger","","Dutch Prices Headers.csv"
"202","Dutch.Beer.Source.Units.002","Dutch Beer",NA,"Netherlands","Amsterdam","",NA,NA,"Dutch Beer","Beer","","Guilders","Dutch.Guilder.to.Grams.Ag","Allen-Unger","","Dutch Prices Headers.csv"
"203","Dutch.Wine.Source.Units.001","Dutch Wine",NA,"Netherlands","Amsterdam","",NA,NA,"Dutch Wine","Wine","","Groten","Dutch.Groten.to.Grams.Ag","Allen-Unger","","Dutch Prices Headers.csv"
"204","Dutch.Wine.Source.Units.002","Dutch Wine",NA,"Netherlands","Amsterdam","",NA,NA,"Dutch Wine","Wine","","Guilders","Dutch.Guilder.to.Grams.Ag","Allen-Unger","","Dutch Prices Headers.csv"
"205","Dutch.Rice.Source.Units.001","Dutch Rice",NA,"Netherlands","Amsterdam","",NA,NA,"Dutch Rice","Rice","","Groten","Dutch.Groten.to.Grams.Ag","Allen-Unger","","Dutch Prices Headers.csv"
"206","Dutch.Rice.Source.Units.002","Dutch Rice",NA,"Netherlands","Amsterdam","",NA,NA,"Dutch Rice","Rice","","Guilders","Dutch.Guilder.to.Grams.Ag","Allen-Unger","","Dutch Prices Headers.csv"
"207","Dutch.Butter.Source.Units.001","Dutch Butter",NA,"Netherlands","Amsterdam","",NA,NA,"Dutch Butter","Butter","","Guilders","Dutch.Guilder.to.Grams.Ag","Allen-Unger","","Dutch Prices Headers.csv"
"208","Dutch.Rape-oil.Source.Units.001","Dutch Rape-oil",NA,"Netherlands","Amsterdam","",NA,NA,"Dutch Rape-oil","Rape-oil","","Guilders","Dutch.Guilder.to.Grams.Ag","Allen-Unger","","Dutch Prices Headers.csv"
"209","Dutch.White.Cheese.Source.Units.001","Dutch White Cheese",NA,"Netherlands","Amsterdam","",NA,NA,"Dutch White Cheese","White Cheese","","Guilders","Dutch.Guilder.to.Grams.Ag","Allen-Unger","","Dutch Prices Headers.csv"
"210","Dutch.Wax.Source.Units.001","Dutch Wax",NA,"Netherlands","Amsterdam","",NA,NA,"Dutch Wax","Wax","","Groten","Dutch.Groten.to.Grams.Ag","Allen-Unger","","Dutch Prices Headers.csv"
"211","Dutch.Wax.Candles.Source.Units.001","Dutch Wax Candles",NA,"Netherlands","Amsterdam","",NA,NA,"Dutch Wax Candles","Wax Candles","","Stuiver","??","Allen-Unger","","Dutch Prices Headers.csv"
"212","Dutch.Meat.Source.Units.001","Dutch Meat","1","Netherlands","Amsterdam","",1,46.9,"Dutch Meat","Meat","","Guilders","Dutch.Guilder.to.Grams.Ag","Allen-Unger","Large Institutions","Dutch Prices Headers.csv"
"213","Dutch.Wheat.Bread.Source.Units.001","Dutch Wheat Bread",NA,"Netherlands","Amsterdam","",NA,NA,"Dutch Wheat Bread","Wheat Bread","","Guilders","Dutch.Guilder.to.Grams.Ag","Allen-Unger","","Dutch Prices Headers.csv"
"214","Dutch.Coal.Source.Units.001","Dutch Coal",NA,"Netherlands","Amsterdam","",NA,NA,"Dutch Coal","Coal","","Guilders","Dutch.Guilder.to.Grams.Ag","Allen-Unger","","Dutch Prices Headers.csv"
"215","Dutch.Wood.Source.Units.001","Dutch Wood",NA,"Netherlands","Amsterdam","",NA,NA,"Dutch Wood","Wood","","Guilders","Dutch.Guilder.to.Grams.Ag","Allen-Unger","","Dutch Prices Headers.csv"
"216","Dutch.Herrings.Source.Units.001","Dutch Herrings","1","Netherlands","Amsterdam","",1,150,"Dutch Herrings","Herring","","Guilders","Dutch.Guilder.to.Grams.Ag","Allen-Unger","Large Institutions","Dutch Prices Headers.csv"
"217","Dutch.Full.Herrings.Source.Units.001","Dutch Full Herrings","1","Netherlands","Amsterdam","",1,2000,"Dutch Herring (Wholesale)","Herring","","Guilders","Dutch.Guilder.to.Grams.Ag","Allen-Unger","Wholesale","Dutch Prices Headers.csv"
"218","Dutch.Stockfish.Source.Units.001","Dutch Stockfish","1","Netherlands","Amsterdam","",1,49.4,"Dutch Stockfish (Non-Wholesale)","Cod","Stockfish","Guilders","Dutch.Guilder.to.Grams.Ag","Allen-Unger","Large Institutions","Dutch Prices Headers.csv"
"219","Dutch.Salted.Cod.Source.Units.001","Dutch Salted Cod","1","Netherlands","Amsterdam","",1,150,"Dutch Salted Cod (Non-Wholesale)","Cod","Salted Cod","Groten","Dutch.Groten.to.Grams.Ag","Allen-Unger","Large Institutions","Dutch Prices Headers.csv"
"220","Dutch.Salted.Cod.Source.Units.002","Dutch Salted Cod","1","Netherlands","Amsterdam","",1,150,"Dutch Salted Cod (Non-Wholesale)","Cod","Salted Cod","Guilders","Dutch.Guilder.to.Grams.Ag","Allen-Unger","Large Institutions","Dutch Prices Headers.csv"
"221","Dutch.Stockfish.Source.Units.002","Dutch Stockfish","1","Netherlands","Amsterdam","",1,49.4,"Dutch Stockfish (Wholesale)","Cod","Stockfish","Guilders","Dutch.Guilder.to.Grams.Ag","Allen-Unger","Wholesale","Dutch Prices Headers.csv"
"222","Dutch.Eggs.Source.Units.001","Dutch Eggs",NA,"Netherlands","Amsterdam","",NA,NA,"Dutch Eggs","Eggs","","Guilders","Dutch.Guilder.to.Grams.Ag","Allen-Unger","","Dutch Prices Headers.csv"
"223","Dutch.Soap.Source.Units.001","Dutch Soap",NA,"Netherlands","Amsterdam","",NA,NA,"Dutch Soap","Soap","","Guilders","Dutch.Guilder.to.Grams.Ag","Allen-Unger","","Dutch Prices Headers.csv"
"224","Dutch.Peat..Source.Units.001","Dutch Peat ",NA,"Netherlands","Amsterdam","",NA,NA,"Dutch Peat ","Peat ","","Guilders","Dutch.Guilder.to.Grams.Ag","Allen-Unger","","Dutch Prices Headers.csv"
"225","Dutch.Peat..Source.Units.002","Dutch Peat ",NA,"Netherlands","Amsterdam","",NA,NA,"Dutch Peat ","Peat ","","Guilders","Dutch.Guilder.to.Grams.Ag","Allen-Unger","","Dutch Prices Headers.csv"
"226","Dutch.Peat.Source.Units.001","Dutch Peat",NA,"Netherlands","Amsterdam","",NA,NA,"Dutch Peat","Peat","","Guilders","Dutch.Guilder.to.Grams.Ag","Allen-Unger","","Dutch Prices Headers.csv"
"227","Dutch.Sugar.Source.Units.001","Dutch Sugar",NA,"Netherlands","Amsterdam","",NA,NA,"Dutch Sugar","Sugar","","Guilders","Dutch.Guilder.to.Grams.Ag","Allen-Unger","","Dutch Prices Headers.csv"
"228","Dutch.Tallow.Candles.Source.Units.001","Dutch Tallow Candles",NA,"Netherlands","Amsterdam","",NA,NA,"Dutch Tallow Candles","Tallow Candles","","Guilders","Dutch.Guilder.to.Grams.Ag","Allen-Unger","","Dutch Prices Headers.csv"
"229","Dutch.Baltic.Tallow.Source.Units.001","Dutch Baltic Tallow",NA,"Netherlands","Amsterdam","",NA,NA,"Dutch Baltic Tallow","Baltic Tallow","","Guilders","Dutch.Guilder.to.Grams.Ag","Allen-Unger","","Dutch Prices Headers.csv"
"230","Dutch.Wheat.Source.Units.003","Dutch Wheat",NA,"Netherlands","Amsterdam","",NA,NA,"Dutch Wheat","Wheat","","Guilders","Dutch.Guilder.to.Grams.Ag","Allen-Unger","","Dutch Prices Headers.csv"
"231","Dutch.Rye.Source.Units.003","Dutch Rye",NA,"Netherlands","Amsterdam","",NA,NA,"Dutch Rye","Rye","","Guilders","Dutch.Guilder.to.Grams.Ag","Allen-Unger","","Dutch Prices Headers.csv"
"232","Dutch..Barley.Source.Units.001","Dutch  Barley",NA,"Netherlands","Amsterdam","",NA,NA,"Dutch  Barley"," Barley","","Guilders","Dutch.Guilder.to.Grams.Ag","Allen-Unger","","Dutch Prices Headers.csv"
"233","Dutch..Barley.Source.Units.002","Dutch  Barley",NA,"Netherlands","Amsterdam","",NA,NA,"Dutch  Barley"," Barley","","Guilders","Dutch.Guilder.to.Grams.Ag","Allen-Unger","","Dutch Prices Headers.csv"
"234","Dutch.Oats.Source.Units.003","Dutch Oats",NA,"Netherlands","Amsterdam","",NA,NA,"Dutch Oats","Oats","","Guilders","Dutch.Guilder.to.Grams.Ag","Allen-Unger","","Dutch Prices Headers.csv"
"235","Dutch.Rye.Source.Units.004","Dutch Rye",NA,"Netherlands","Amsterdam","",NA,NA,"Dutch Rye","Rye","","Guilders","Dutch.Guilder.to.Grams.Ag","Allen-Unger","","Dutch Prices Headers.csv"
"236","Dutch.Frisian.Wheat.Silver.Grams.001","Dutch Frisian Wheat",NA,"Netherlands","Amsterdam","",NA,NA,"Dutch Frisian Wheat","Frisian Wheat","","Grams Ag","","","","Dutch Prices Headers.csv"
"237","Dutch.Wheat.Silver.Grams.001","Dutch Wheat",NA,"Netherlands","Amsterdam","",NA,NA,"Dutch Wheat","Wheat","","Grams Ag","","","","Dutch Prices Headers.csv"
"238","Dutch.Oats.Silver.Grams.001","Dutch Oats",NA,"Netherlands","Amsterdam","",NA,NA,"Dutch Oats","Oats","","Grams Ag","","","","Dutch Prices Headers.csv"
"239","Dutch.Barley.Silver.Grams.001","Dutch Barley",NA,"Netherlands","Amsterdam","",NA,NA,"Dutch Barley","Barley","","Grams Ag","","","","Dutch Prices Headers.csv"
"240","Dutch.Rye.Silver.Grams.001","Dutch Rye",NA,"Netherlands","Amsterdam","",NA,NA,"Dutch Rye","Rye","","Grams Ag","","","","Dutch Prices Headers.csv"
"241","Dutch.Rye.Silver.Grams.002","Dutch Rye",NA,"Netherlands","Amsterdam","",NA,NA,"Dutch Rye","Rye","","Grams Ag","","","","Dutch Prices Headers.csv"
"242","Dutch.Rye.Bread.Silver.Grams.001","Dutch Rye Bread",NA,"Netherlands","Amsterdam","",NA,NA,"Dutch Rye Bread","Rye Bread","","Grams Ag","","","","Dutch Prices Headers.csv"
"243","Dutch.Cloth.Silver.Grams.001","Dutch Cloth",NA,"Netherlands","Amsterdam","",NA,NA,"Dutch Cloth","Cloth","","Grams Ag","","","","Dutch Prices Headers.csv"
"244","Dutch.Cloth.Silver.Grams.002","Dutch Cloth",NA,"Netherlands","Amsterdam","",NA,NA,"Dutch Cloth","Cloth","","Grams Ag","","","","Dutch Prices Headers.csv"
"245","Dutch.Green.Peas.Silver.Grams.001","Dutch Green Peas",NA,"Netherlands","Amsterdam","",NA,NA,"Dutch Green Peas","Green Peas","","Grams Ag","","","","Dutch Prices Headers.csv"
"246","Dutch.Salt.Silver.Grams.001","Dutch Salt",NA,"Netherlands","Amsterdam","",NA,NA,"Dutch Salt","Salt","","Grams Ag","","","","Dutch Prices Headers.csv"
"247","Dutch.Beer.Silver.Grams.001","Dutch Beer",NA,"Netherlands","Amsterdam","",NA,NA,"Dutch Beer","Beer","","Grams Ag","","","","Dutch Prices Headers.csv"
"248","Dutch.Wine.Silver.Grams.001","Dutch Wine",NA,"Netherlands","Amsterdam","",NA,NA,"Dutch Wine","Wine","","Grams Ag","","","","Dutch Prices Headers.csv"
"249","Dutch.Rice.Silver.Grams.001","Dutch Rice",NA,"Netherlands","Amsterdam","",NA,NA,"Dutch Rice","Rice","","Grams Ag","","","","Dutch Prices Headers.csv"
"250","Dutch.Butter.Silver.Grams.001","Dutch Butter",NA,"Netherlands","Amsterdam","",NA,NA,"Dutch Butter","Butter","","Grams Ag","","","","Dutch Prices Headers.csv"
"251","Dutch.Rape-oil.Silver.Grams.001","Dutch Rape-oil",NA,"Netherlands","Amsterdam","",NA,NA,"Dutch Rape-oil","Rape-oil","","Grams Ag","","","","Dutch Prices Headers.csv"
"252","Dutch.White.Cheese.Silver.Grams.001","Dutch White Cheese",NA,"Netherlands","Amsterdam","",NA,NA,"Dutch White Cheese","White Cheese","","Grams Ag","","","","Dutch Prices Headers.csv"
"253","Dutch.Wax.Silver.Grams.001","Dutch Wax",NA,"Netherlands","Amsterdam","",NA,NA,"Dutch Wax","Wax","","Grams Ag","","","","Dutch Prices Headers.csv"
"254","Dutch.Wax.Candles.Silver.Grams.001","Dutch Wax Candles",NA,"Netherlands","Amsterdam","",NA,NA,"Dutch Wax Candles","Wax Candles","","Grams Ag","","","","Dutch Prices Headers.csv"
"255","Dutch.Meat.Silver.Grams.001","Dutch Meat",NA,"Netherlands","Amsterdam","",NA,NA,"Dutch Meat","Meat","","Grams Ag","","","","Dutch Prices Headers.csv"
"256","Dutch.Wheat.Bread.Silver.Grams.001","Dutch Wheat Bread",NA,"Netherlands","Amsterdam","",NA,NA,"Dutch Wheat Bread","Wheat Bread","","Grams Ag","","","","Dutch Prices Headers.csv"
"257","Dutch.Coal.Silver.Grams.001","Dutch Coal",NA,"Netherlands","Amsterdam","",NA,NA,"Dutch Coal","Coal","","Grams Ag","","","","Dutch Prices Headers.csv"
"258","Dutch.Wood.Silver.Grams.001","Dutch Wood",NA,"Netherlands","Amsterdam","",NA,NA,"Dutch Wood","Wood","","Grams Ag","","","","Dutch Prices Headers.csv"
"259","Dutch.Herrings.Silver.Grams.001","Dutch Herrings",NA,"Netherlands","Amsterdam","",NA,NA,"Dutch Herrings","Herrings","","Grams Ag","","","","Dutch Prices Headers.csv"
"260","Dutch.Full.Herrings.Silver.Grams.001","Dutch Full Herrings",NA,"Netherlands","Amsterdam","",NA,NA,"Dutch Full Herrings","Full Herrings","","Grams Ag","","","","Dutch Prices Headers.csv"
"261","Dutch.Stockfish.Silver.Grams.001","Dutch Stockfish",NA,"Netherlands","Amsterdam","",NA,NA,"Dutch Stockfish","Cod","Stockfish","Grams Ag","","","","Dutch Prices Headers.csv"
"262","Dutch.Stockfish.Silver.Grams.002","Dutch Stockfish",NA,"Netherlands","Amsterdam","",NA,NA,"Dutch Stockfish","Cod","Stockfish","Grams Ag","","","","Dutch Prices Headers.csv"
"263","Dutch.Eggs.Silver.Grams.001","Dutch Eggs",NA,"Netherlands","Amsterdam","",NA,NA,"Dutch Eggs","Eggs","","Grams Ag","","","","Dutch Prices Headers.csv"
"264","Dutch.Soap.Silver.Grams.001","Dutch Soap",NA,"Netherlands","Amsterdam","",NA,NA,"Dutch Soap","Soap","","Grams Ag","","","","Dutch Prices Headers.csv"
"265","Dutch.Peat..Silver.Grams.001","Dutch Peat ",NA,"Netherlands","Amsterdam","",NA,NA,"Dutch Peat ","Peat ","","Grams Ag","","","","Dutch Prices Headers.csv"
"266","Dutch.Sugar.Silver.Grams.001","Dutch Sugar",NA,"Netherlands","Amsterdam","",NA,NA,"Dutch Sugar","Sugar","","Grams Ag","","","","Dutch Prices Headers.csv"
"267","LondonHerring001","Herring (Unit?)","1","England","London","Barrel?",1,0.5,"Herring (Southern England)","Herring","","Grams Ag","none","Allen-Unger","Non-wholesale","England Headers.csv"
"268","LondonSaltedCod001","","1","England","London","",1,2,"Salted Cod (Southern England)","Cod","Salted Cod","Grams Ag","none","Allen-Unger","Non-wholesale","England Headers.csv"
"269","LondonStockFish001","","1","England","London","",1,0.8,"Stockfish (Southern England)","Cod","Stockfish","Grams Ag","none","Allen-Unger","Non-wholesale","England Headers.csv"
"270","LondonBeef001","","1","England","London","",1,1,"Beef (Southern England)","Beef","","Grams Ag","none","Allen-Unger","Non-wholesale","England Headers.csv"
"271","LondonWheat001","","1","England","London","",1,1,"Wheat (Southern England)","Wheat","","Grams Ag","none","Allen-Unger","Non-wholesale","England Headers.csv"
"272","LondonLinen001","",NA,"England","London","",1,1,"Linen (Southern England)","","","Grams Ag","none","Allen-Unger","Non-wholesale","England Headers.csv"
"273","LondonBread001","",NA,"England","London","",1,0.2,"Bread (Southern England)","Bread","","Grams Ag","none","Allen-Unger","Non-wholesale","England Headers.csv"
"274","SwedenHerring001","Herring (Unit?)",NA,"Sweden","WestSweden","Barrel",1,100,"Herring (Sweden not Stockholm)","Herring","","Grams Ag","Sweden.Coins.to.Grams.AG","Jansson et al (2nd part)",NA,"Sweden Headers.csv"
"275","SwedenOx001","Ox (Unit?)",NA,"Sweden","WestSweden","Barrel",1,100,"Oxen (Sweden not Stockholm)","Meat","","Grams Ag","Sweden.Coins.to.Grams.AG","Jansson et al (2nd part)",NA,"Sweden Headers.csv"
"276","SwedenHerring002","Herring (Stromming Stockholm)","2","Sweden","Stockholm","Barrel",1,100,"Herring (Stromming Stockholm)","Herring","Stromming","Local Swedish","Sweden.Dkm.to.Grams.AG","Jansson et al (1st part)",NA,"Sweden Headers.csv"
"277","SwedenHerring003","Herring (Sill Stockholm)","1","Sweden","Stockholm","Barrel",1,100,"Herring (Sill Stockholm Series 01)","Herring","Sill","Local Swedish","Sweden.Dkm.to.Grams.AG","Jansson et al (1st part)",NA,"Sweden Headers.csv"
"278","SwedenHerring004","Herring (Sill Stockholm)","1","Sweden","Stockholm","Barrel",1,100,"Herring (Sill Stockholm Series 02)","Herring","Sill","Local Swedish","Sweden.Dkm.to.Grams.AG","Jansson et al (1st part)",NA,"Sweden Headers.csv"
"279","SwedenOxen002","Oxen (Stockholm)","1","Sweden","Stockholm","Barrel",1,100,"Oxen (Stockholm)","Oxen","","Local Swedish","Sweden.Dkm.to.Grams.AG","Jansson et al (1st part)",NA,"Sweden Headers.csv"
"280","SwedenPork001","Pork (Stockholm)","1","Sweden","Stockholm","Barrel",1,8.502,"Pork (Stockholm)","Pork","","Local Swedish","Sweden.Dkm.to.Grams.AG","Jansson et al (1st part)",NA,"Sweden Headers.csv"
"281","MunichHerring001old","Munich Herring",NA,"Germany","Munich",NA,1,1,"Herring (Munich)","Herring","",NA,"none","Allen-Unger",NA,"Munich Headers.csv"
"282","MunichStockfish001old","Munich Stockfish",NA,"Germany","Munich",NA,1,1.3166,"Stockfish (Munich)","Cod","Stockfish",NA,"none","Allen-Unger",NA,"Munich Headers.csv"
"283","MunichRye001","Munich Rye","1","Germany","Munich",NA,1,0.67,"Rye (Munich)","Rye","",NA,"none","Allen-Unger",NA,"Munich Headers.csv"
"284","MunichWheat001","Munich Wheat","1","Germany","Munich",NA,1,0.79,"Wheat (Munich)","Wheat","",NA,"none","Allen-Unger",NA,"Munich Headers.csv"
"285","MunichRye002","Munich Rye",NA,"Germany","Munich",NA,1,0.67,"Rye (Munich)","Rye","",NA,"none","Allen-Unger",NA,"Munich Headers.csv"
"286","MunichBarley001","Munich Barley",NA,"Germany","Munich",NA,1,0.6,"Barley (Munich)","Barley","",NA,"none","Allen-Unger",NA,"Munich Headers.csv"
"287","MunichPeas001","Munich Peas",NA,"Germany","Munich",NA,NA,NA,"Peas (Munich)","Peas","",NA,"none","Allen-Unger",NA,"Munich Headers.csv"
"288","MunichWheat002","Munich Wheat",NA,"Germany","Munich",NA,1,0.79,"Wheat (Munich)","Wheat","",NA,"none","Allen-Unger",NA,"Munich Headers.csv"
"289","MunichRye003","Munich Rye",NA,"Germany","Munich",NA,1,0.67,"Rye (Munich)","Rye","",NA,"none","Allen-Unger",NA,"Munich Headers.csv"
"290","MunichBarley002","Munich Barley",NA,"Germany","Munich",NA,NA,NA,"Barley (Munich)","Barley","",NA,"none","Allen-Unger",NA,"Munich Headers.csv"
"291","MunichTallow001","Munich Tallow",NA,"Germany","Munich",NA,NA,NA,"Tallow (Munich)","Tallow","",NA,"none","Allen-Unger",NA,"Munich Headers.csv"
"292","MunichButter001","Munich Butter",NA,"Germany","Munich",NA,1,1,"Butter (Munich)","Butter","",NA,"none","Allen-Unger",NA,"Munich Headers.csv"
"293","MunichEnglishCloth001","Munich EnglishCloth",NA,"Germany","Munich",NA,NA,NA,"EnglishCloth (Munich)","EnglishCloth","",NA,"none","Allen-Unger",NA,"Munich Headers.csv"
"294","MunichScharlach001","Munich Scharlach",NA,"Germany","Munich",NA,NA,NA,"Scharlach (Munich)","Scharlach","",NA,"none","Allen-Unger",NA,"Munich Headers.csv"
"295","MunichLinen001","Munich Linen",NA,"Germany","Munich",NA,NA,NA,"Linen (Munich)","Linen","",NA,"none","Allen-Unger",NA,"Munich Headers.csv"
"296","MunichLinen002","Munich Linen",NA,"Germany","Munich",NA,NA,NA,"Linen (Munich)","Linen","",NA,"none","Allen-Unger",NA,"Munich Headers.csv"
"297","MunichBarchent001","Munich Barchent",NA,"Germany","Munich",NA,NA,NA,"Barchent (Munich)","Barchent","",NA,"none","Allen-Unger",NA,"Munich Headers.csv"
"298","MunichDrill001","Munich Drill",NA,"Germany","Munich",NA,NA,NA,"Drill (Munich)","Drill","",NA,"none","Allen-Unger",NA,"Munich Headers.csv"
"299","MunichRice001","Munich Rice",NA,"Germany","Munich",NA,1,1.278854147,"Rice (Munich)","Rice","",NA,"none","Allen-Unger",NA,"Munich Headers.csv"
"300","MunichHerring001","Munich Herring","1","Germany","Munich",NA,1,0.8,"Herring (Munich)","Herring","",NA,"none","Allen-Unger",NA,"Munich Headers.csv"
"301","MunichStockfish001","Munich Stockfish","1","Germany","Munich",NA,1,1.3166,"Stockfish (Munich)","Cod","Stockfish",NA,"none","Allen-Unger",NA,"Munich Headers.csv"
"302","MunichBeer001","Munich Beer",NA,"Germany","Munich",NA,1,1,"Beer (Munich)","Beer","",NA,"none","Allen-Unger",NA,"Munich Headers.csv"
"303","MunichOil001","Munich Oil",NA,"Germany","Munich",NA,NA,NA,"Oil (Munich)","Oil","",NA,"none","Allen-Unger",NA,"Munich Headers.csv"
"304","MunichBeef001","Munich Beef","1","Germany","Munich",NA,1,1,"Beef (Munich)","Beef","",NA,"none","Allen-Unger",NA,"Munich Headers.csv"
"305","ViennaHerring001","Vienna Herring 001","1","Austria","Vienna","Barrel?",1,0.5,"Herring (Vienna)","Herring","",NA,"none","Allen-Unger",NA,"Vienna Headers.csv"
"306","ViennaHerring002","Vienna Herring 002",NA,"Austria","Vienna","Barrel?",1,0.5,"Herring (Vienna) Series 2","Herring","",NA,"none","Allen-Unger",NA,"Vienna Headers.csv"
"307","ViennaBeef001","Vienna Beef 001","1","Austria","Vienna","",1,1,"Beef (Vienna) Series 1","Beef","",NA,"none","Allen-Unger",NA,"Vienna Headers.csv"
"308","ViennaBeef002","Vienna Beef 002","1","Austria","Vienna","",1,1,"Beef (Vienna) Series 2","Beef","",NA,"none","Allen-Unger",NA,"Vienna Headers.csv"
"309","ViennaCharcoal001","",NA,"Austria","Vienna","",1,1,"","","",NA,"none","Allen-Unger",NA,"Vienna Headers.csv"
"310","ViennaCharcoal002","",NA,"Austria","Vienna","",1,1,"","","",NA,"none","Allen-Unger",NA,"Vienna Headers.csv"
"311","ViennaFirewood001","",NA,"Austria","Vienna","",1,1,"","","",NA,"none","Allen-Unger",NA,"Vienna Headers.csv"
"312","ViennaStockfish001","Vienna Stockfish","1","Austria","Vienna","",1,1,"Stockfish (Vienna)","Cod","Stockfish",NA,"none","Allen-Unger",NA,"Vienna Headers.csv"
"313","ViennaWine001","",NA,"Austria","Vienna","",1,1,"","","",NA,"none","Allen-Unger",NA,"Vienna Headers.csv"
"314","ViennaTallowCandle001","",NA,"Austria","Vienna","",1,1,"","","",NA,"none","Allen-Unger",NA,"Vienna Headers.csv"
"315","ViennaSoap001","",NA,"Austria","Vienna","",1,1,"","","",NA,"none","Allen-Unger",NA,"Vienna Headers.csv"
"316","ViennaSugar001","",NA,"Austria","Vienna","",1,1,"","","",NA,"none","Allen-Unger",NA,"Vienna Headers.csv"
"317","ViennaWine002","",NA,"Austria","Vienna","",1,1,"","","",NA,"none","Allen-Unger",NA,"Vienna Headers.csv"
"318","ViennaDutchCheese001","",NA,"Austria","Vienna","",1,1,"","","",NA,"none","Allen-Unger",NA,"Vienna Headers.csv"
"319","ViennaCheapStockfish001","Vienna Cheap Stockfish","1","Austria","Vienna","",1,1,"Cheap Stockfish (Vienna)","Cod","",NA,"none","Allen-Unger",NA,"Vienna Headers.csv"
"320","ViennaSaltedButter001","",NA,"Austria","Vienna","",1,1,"","","",NA,"none","Allen-Unger",NA,"Vienna Headers.csv"
"321","ViennaRyeBread001","",NA,"Austria","Vienna","",1,1,"","","",NA,"none","Allen-Unger",NA,"Vienna Headers.csv"
"322","ValenciaWheat001","Valencia Wheat 001","1","Spain","Valencia","",1,0.79,"Wheat (Valencia) 01","Wheat",NA,NA,"none","Allen-Unger",NA,"Valencia Headers.csv"
"323","ValenciaCarobBeans001","Valencia Carob Beans 001",NA,"Spain","Valencia","",NA,NA,"Carob Beans (Valencia) 01","Carob Beans",NA,NA,"none","Allen-Unger",NA,"Valencia Headers.csv"
"324","ValenciaCharcoal001","Valencia Charcoal 001",NA,"Spain","Valencia","",NA,NA,"Charcoal (Valencia) 01","Charcoal",NA,NA,"none","Allen-Unger",NA,"Valencia Headers.csv"
"325","ValenciaCharcoal002","Valencia Charcoal 002",NA,"Spain","Valencia","",NA,NA,"Charcoal (Valencia) 02","Charcoal",NA,NA,"none","Allen-Unger",NA,"Valencia Headers.csv"
"326","ValenciaCheese001","Valencia Cheese 001",NA,"Spain","Valencia","",1,1,"Cheese (Valencia) 01","Cheese",NA,NA,"none","Allen-Unger",NA,"Valencia Headers.csv"
"327","ValenciaCheese002","Valencia Cheese 002",NA,"Spain","Valencia","",1,1,"Cheese (Valencia) 02","Cheese",NA,NA,"none","Allen-Unger",NA,"Valencia Headers.csv"
"328","ValenciaChickPeas001","Valencia Chick Peas 001",NA,"Spain","Valencia","",NA,NA,"Chick Peas (Valencia) 01","Chick Peas",NA,NA,"none","Allen-Unger",NA,"Valencia Headers.csv"
"329","ValenciaEggs001","Valencia Eggs 001",NA,"Spain","Valencia","",1,0.04,"Eggs (Valencia) 01","Eggs",NA,NA,"none","Allen-Unger",NA,"Valencia Headers.csv"
"330","ValenciaFirewood001","Valencia Firewood 001",NA,"Spain","Valencia","",NA,NA,"Firewood (Valencia) 01","Firewood",NA,NA,"none","Allen-Unger",NA,"Valencia Headers.csv"
"331","ValenciaLinen001","Valencia Linen 001",NA,"Spain","Valencia","",NA,NA,"Linen (Valencia) 01","Linen",NA,NA,"none","Allen-Unger",NA,"Valencia Headers.csv"
"332","ValenciaMutton001","Valencia Mutton 001","1","Spain","Valencia","",1,1,"Mutton (Valencia) 01","Mutton",NA,NA,"none","Allen-Unger",NA,"Valencia Headers.csv"
"333","ValenciaOliveOil001","Valencia Olive Oil 001",NA,"Spain","Valencia","",NA,NA,"Olive Oil (Valencia) 01","Olive Oil",NA,NA,"none","Allen-Unger",NA,"Valencia Headers.csv"
"334","ValenciaRice001","Valencia Rice 001",NA,"Spain","Valencia","",NA,NA,"Rice (Valencia) 01","Rice",NA,NA,"none","Allen-Unger",NA,"Valencia Headers.csv"
"335","ValenciaRice002","Valencia Rice 002",NA,"Spain","Valencia","",NA,NA,"Rice (Valencia) 02","Rice",NA,NA,"none","Allen-Unger",NA,"Valencia Headers.csv"
"336","ValenciaSardines001","Valencia Sardines 001","1","Spain","Valencia","Barrel?",1,1,"Sardines (Valencia) 01","Sardines",NA,NA,"none","Allen-Unger",NA,"Valencia Headers.csv"
"337","ValenciaSardines002","Valencia Sardines 002","1","Spain","Valencia","Barrel?",1,1,"Sardines (Valencia) 02","Sardines",NA,NA,"none","Allen-Unger",NA,"Valencia Headers.csv"
"338","ValenciaSoap001","Valencia Soap 001",NA,"Spain","Valencia","",NA,NA,"Soap (Valencia) 01","Soap",NA,NA,"none","Allen-Unger",NA,"Valencia Headers.csv"
"339","ValenciaSugar001","Valencia Sugar 001",NA,"Spain","Valencia","",NA,NA,"Sugar (Valencia) 01","Sugar",NA,NA,"none","Allen-Unger",NA,"Valencia Headers.csv"
"340","ValenciaWax001","Valencia Wax 001",NA,"Spain","Valencia","",NA,NA,"Wax (Valencia) 01","Wax",NA,NA,"none","Allen-Unger",NA,"Valencia Headers.csv"
"341","ValenciaWax(yellow)001","Valencia Wax (yellow) 001",NA,"Spain","Valencia","",NA,NA,"Wax (yellow) (Valencia) 01","Wax (yellow)",NA,NA,"none","Allen-Unger",NA,"Valencia Headers.csv"
"342","ValenciaWaxCandles001","Valencia Wax Candles 001",NA,"Spain","Valencia","",NA,NA,"Wax Candles (Valencia) 01","Wax Candles",NA,NA,"none","Allen-Unger",NA,"Valencia Headers.csv"
"343","ValenciaWine001","Valencia Wine 001",NA,"Spain","Valencia","",1,1,"Wine (Valencia) 01","Wine",NA,NA,"none","Allen-Unger",NA,"Valencia Headers.csv"
"344","ValenciaWine002","Valencia Wine 002",NA,"Spain","Valencia","",1,1,"Wine (Valencia) 02","Wine",NA,NA,"none","Allen-Unger",NA,"Valencia Headers.csv"
"345","ValenciaFlax001","Valencia Flax 001",NA,"Spain","Valencia","",NA,NA,"Flax (Valencia) 01","Flax",NA,NA,"none","Allen-Unger",NA,"Valencia Headers.csv"
"346","ValenciaHoney001","Valencia Honey 001",NA,"Spain","Valencia","",NA,NA,"Honey (Valencia) 01","Honey",NA,NA,"none","Allen-Unger",NA,"Valencia Headers.csv"
"347","MadridSardines001","Madrid Sardines 001",NA,"Spain","Madrid","Barrel?",1,1,"Sardines (Madrid) 01","Sardines","",NA,"none","Allen-Unger",NA,"Madrid Headers.csv"
"348","MadridSardines002","Madrid Sardines 002",NA,"Spain","Madrid","Barrel?",1,1,"Sardines (Madrid) 02","Sardines","",NA,"none","Allen-Unger",NA,"Madrid Headers.csv"
"349","MadridDriedFish001","Madrid Dried Fish 001","1","Spain","Madrid","",1,1,"Dried Fish (Madrid) 001","Unknown","Dried Fish (probably cod)",NA,"none","Allen-Unger",NA,"Madrid Headers.csv"
"350","MadridDriedFish002","Madrid Dried Fish 002","1","Spain","Madrid","",1,1,"Dried Fish (Madrid) 002","Unknown","Dried Fish (probably cod)",NA,"none","Allen-Unger",NA,"Madrid Headers.csv"
"351","MadridMutton001","Madrid Mutton","1","Spain","Madrid","",1,1,"Mutton (Madrid)","Mutton","",NA,"none","Allen-Unger",NA,"Madrid Headers.csv"
"352","MadridBeef001","Madrid Beef","1","Spain","Madrid","",1,1,"Beef (Madrid)","Beef","",NA,"none","Allen-Unger",NA,"Madrid Headers.csv"
"353","MadridWheat001","Madrid Wheat","1","Spain","Madrid","",1,1,"Wheat (Madrid)","Wheat","",NA,"none","Allen-Unger",NA,"Madrid Headers.csv"
"354","MadridBarley001","Madrid Barley",NA,"Spain","Madrid","",1,1,"Barley (Madrid)","Barley","",NA,"none","Allen-Unger",NA,"Madrid Headers.csv"
"355","MadridBread001","Madrid Bread",NA,"Spain","Madrid","",1,1,"Bread (Madrid)","Bread","",NA,"none","Allen-Unger",NA,"Madrid Headers.csv"
"356","MadridCheese001","Madrid Cheese",NA,"Spain","Madrid","",1,1,"Cheese (Madrid)","Cheese","",NA,"none","Allen-Unger",NA,"Madrid Headers.csv"
"357","MadridEggs001","Madrid Eggs","1","Spain","Madrid","",1,1,"Eggs (Madrid)","Eggs","",NA,"none","Allen-Unger",NA,"Madrid Headers.csv"
"358","MadridWine001","Madrid Wine",NA,"Spain","Madrid","",1,1,"Wine (Madrid)","Wine","",NA,"none","Allen-Unger",NA,"Madrid Headers.csv"
"359","ParisAllenUngerWheat001","Wheat","1","France","Paris","Barrel?",1,0.79,"Wheat (Paris Baulant)","Wheat",NA,"Grams Ag","none","Allen-Unger",NA,"Paris Allen-Unger Headers.csv"
"360","ParisAllenUngerWheat002","Wheat","1","France","(national.average)","",1,0.79,"Wheat (National Average Baulant)","Wheat",NA,"Grams Ag","none","Allen-Unger",NA,"Paris Allen-Unger Headers.csv"
"361","ParisAllenUngerRye001","Rye",NA,"France","Paris","",1,0.71,"Rye (Paris Hauser)","Rye",NA,"Grams Ag","none","Allen-Unger",NA,"Paris Allen-Unger Headers.csv"
"362","ParisAllenUngerRice001","Rice",NA,"France","Paris","",1,1,"Rice (Paris Hauser)","Rice",NA,"Grams Ag","none","Allen-Unger",NA,"Paris Allen-Unger Headers.csv"
"363","ParisAllenUngerBread001","Bread","1","France","Paris","",1,1,"Bread (Paris Hauser)","Bread",NA,"Grams Ag","none","Allen-Unger",NA,"Paris Allen-Unger Headers.csv"
"364","ParisAllenUngerButter001","Butter","1","France","Paris","",1,1,"Butter (Paris Hauser)","Butter",NA,"Grams Ag","none","Allen-Unger",NA,"Paris Allen-Unger Headers.csv"
"365","ParisAllenUngerEggs001","Eggs","1","France","Paris","",1,0.05,"Eggs (Paris Hauser)","Eggs",NA,"Grams Ag","none","Allen-Unger",NA,"Paris Allen-Unger Headers.csv"
"366","ParisAllenUngerSugar001","Sugar",NA,"France","Paris","",1,1,"Sugar (Paris Hauser)","Sugar",NA,"Grams Ag","none","Allen-Unger",NA,"Paris Allen-Unger Headers.csv"
"367","ParisAllenUngerCandle (tallow)001","Candle (tallow)",NA,"France","Paris","",1,1,"Candle (tallow) (Paris Hauser)","Candle (tallow)",NA,"Grams Ag","none","Allen-Unger",NA,"Paris Allen-Unger Headers.csv"
"368","ParisAllenUngerCandle (wax)001","Candle (wax)",NA,"France","Paris","",1,1,"Candle (wax) (Paris Hauser)","Candle (wax)",NA,"Grams Ag","none","Allen-Unger",NA,"Paris Allen-Unger Headers.csv"
"369","ParisAllenUngerSoap001","Soap",NA,"France","Paris","",1,1,"Soap (Paris Hauser)","Soap",NA,"Grams Ag","none","Allen-Unger",NA,"Paris Allen-Unger Headers.csv"
"370","ParisAllenUngerFirewood001","Firewood",NA,"France","Paris","",1,1,"Firewood (Paris Hauser)","Firewood",NA,"Grams Ag","none","Allen-Unger",NA,"Paris Allen-Unger Headers.csv"
"371","ParisAllenUngerCharcoal001","Charcoal",NA,"France","Paris","",1,1,"Charcoal (Paris Hauser)","Charcoal",NA,"Grams Ag","none","Allen-Unger",NA,"Paris Allen-Unger Headers.csv"
"372","ParisAllenUngerMeat001","Meat","1","France","Strasbourg","",1,1,"Meat (Strasbourg Allen-Unger)","Meat",NA,"Grams Ag","none","Allen-Unger",NA,"Paris Allen-Unger Headers.csv"
"373","ParisAllenUngerButter002","Butter","1","France","Strasbourg","",1,1,"Butter (Strasbourg Allen-Unger)","Butter",NA,"Grams Ag","none","Allen-Unger",NA,"Paris Allen-Unger Headers.csv"
"374","ParisAllenUngerCheese001","Cheese","1","France","Strasbourg","",1,1,"Cheese (Strasbourg Allen-Unger)","Cheese",NA,"Grams Ag","none","Allen-Unger",NA,"Paris Allen-Unger Headers.csv"
"375","ParisAllenUngerEggs002","Eggs",NA,"France","Strasbourg","",1,5,"Eggs (Strasbourg Allen-Unger)","Eggs",NA,"Grams Ag","none","Allen-Unger",NA,"Paris Allen-Unger Headers.csv"
"376","ParisAllenUngerWine001","Wine","1","France","Strasbourg","",1,1,"Wine (Strasbourg Allen-Unger)","Wine",NA,"Grams Ag","none","Allen-Unger",NA,"Paris Allen-Unger Headers.csv"
"377","ParisAllenUngerSoap002","Soap",NA,"France","Strasbourg","",1,1,"Soap (Strasbourg Allen-Unger)","Soap",NA,"Grams Ag","none","Allen-Unger",NA,"Paris Allen-Unger Headers.csv"
"378","ParisAllenUngerLinen001","Linen",NA,"France","Strasbourg","",1,1,"Linen (Strasbourg Allen-Unger)","Linen",NA,"Grams Ag","none","Allen-Unger",NA,"Paris Allen-Unger Headers.csv"
"379","ParisAllenUngerCandles001","Candles",NA,"France","Strasbourg","",1,1,"Candles (Strasbourg Allen-Unger)","Candles",NA,"Grams Ag","none","Allen-Unger",NA,"Paris Allen-Unger Headers.csv"
"380","ParisAllenUngerOil/light001","Oil/light",NA,"France","Strasbourg","",1,1,"Oil/light (Strasbourg Allen-Unger)","Oil/light",NA,"Grams Ag","none","Allen-Unger",NA,"Paris Allen-Unger Headers.csv"
"381","ParisAllenUngerFuel (Firewood/Charcoal)001","Firewood/Charcoal",NA,"France","Strasbourg","",1,1,"Firewood/Charcoal (Strasbourg Allen-Unger)","Firewood/Charcoal",NA,"Grams Ag","none","Allen-Unger",NA,"Paris Allen-Unger Headers.csv"
"382","AntwerpWheat001","Wheat",NA,"Belgium","Antwerp","Grams Ag/Litre",1,0.79,"Wheat (Antwerp)","Wheat",NA,"Grams Ag","none","Allen-Unger",NA,"Antwerp Headers.csv"
"383","AntwerpRye001","Rye",NA,"Belgium","Antwerp","Grams Ag/Litre",1,0.17,"Rye (Antwerp)","Rye",NA,"Grams Ag","none","Allen-Unger",NA,"Antwerp Headers.csv"
"384","AntwerpBarley001","Barley",NA,"Belgium","Antwerp","Grams Ag/Litre",1,0.6,"Barley (Antwerp)","Barley",NA,"Grams Ag","none","Allen-Unger",NA,"Antwerp Headers.csv"
"385","AntwerpOats001","Oats",NA,"Belgium","Antwerp","Grams Ag/Litre",1,0.17,"Oats (Antwerp)","Oats",NA,"Grams Ag","none","Allen-Unger",NA,"Antwerp Headers.csv"
"386","AntwerpWheatBread001","Wheat Bread",NA,"Belgium","Antwerp","Grams Ag/kg",NA,NA,"Wheat Bread (Antwerp)","Wheat Bread",NA,"Grams Ag","none","Allen-Unger",NA,"Antwerp Headers.csv"
"387","AntwerpWheatBread002","Wheat Bread",NA,"Belgium","Antwerp","Grams Ag/kg",NA,NA,"Wheat Bread (Antwerp)","Wheat Bread",NA,"Grams Ag","none","Allen-Unger",NA,"Antwerp Headers.csv"
"388","AntwerpRyeBread001","Rye Bread",NA,"Belgium","Antwerp","Grams Ag/kg",NA,NA,"Rye Bread (Antwerp)","Rye Bread",NA,"Grams Ag","none","Allen-Unger",NA,"Antwerp Headers.csv"
"389","AntwerpRyeBread002","Rye Bread",NA,"Belgium","Antwerp","Grams Ag/kg",NA,NA,"Rye Bread (Antwerp)","Rye Bread",NA,"Grams Ag","none","Allen-Unger",NA,"Antwerp Headers.csv"
"390","AntwerpRyeBread003","Rye Bread",NA,"Belgium","Antwerp","Grams Ag/kg",NA,NA,"Rye Bread (Antwerp)","Rye Bread",NA,"Grams Ag","none","Allen-Unger",NA,"Antwerp Headers.csv"
"391","AntwerpPeas001","Peas",NA,"Belgium","Antwerp","Grams Ag/Litre",NA,NA,"Peas (Antwerp)","Peas",NA,"Grams Ag","none","Allen-Unger",NA,"Antwerp Headers.csv"
"392","AntwerpEggs001","Eggs",NA,"Belgium","Antwerp","Grams Ag/Each",NA,NA,"Eggs (Antwerp)","Eggs",NA,"Grams Ag","none","Allen-Unger",NA,"Antwerp Headers.csv"
"393","AntwerpButter001","Butter",NA,"Belgium","Antwerp","Grams Ag/kg",NA,NA,"Butter (Antwerp)","Butter",NA,"Grams Ag","none","Allen-Unger",NA,"Antwerp Headers.csv"
"394","AntwerpCheese001","Cheese",NA,"Belgium","Antwerp","Grams Ag/kg",NA,NA,"Cheese (Antwerp)","Cheese",NA,"Grams Ag","none","Allen-Unger",NA,"Antwerp Headers.csv"
"395","AntwerpRundsvlees001","Rundsvlees",NA,"Belgium","Antwerp","Grams Ag/kg",NA,NA,"Rundsvlees (Antwerp)","Rundsvlees",NA,"Grams Ag","none","Allen-Unger",NA,"Antwerp Headers.csv"
"396","AntwerpFirewood001","Firewood",NA,"Belgium","Antwerp","Grams Ag/Fagot",NA,NA,"Firewood (Antwerp)","Firewood",NA,"Grams Ag","none","Allen-Unger",NA,"Antwerp Headers.csv"
"397","AntwerpRapeseedOil001","Rapeseed Oil",NA,"Belgium","Antwerp","Grams Ag/Litre",NA,NA,"Rapeseed Oil (Antwerp)","Rapeseed Oil",NA,"Grams Ag","none","Allen-Unger",NA,"Antwerp Headers.csv"
"398","AntwerpTallowCandles001","Tallow Candles",NA,"Belgium","Antwerp","Grams Ag/kg",NA,NA,"Tallow Candles (Antwerp)","Tallow Candles",NA,"Grams Ag","none","Allen-Unger",NA,"Antwerp Headers.csv"
"399","AntwerpCharcoal001","Charcoal",NA,"Belgium","Antwerp","Grams Ag/Litre",NA,NA,"Charcoal (Antwerp)","Charcoal",NA,"Grams Ag","none","Allen-Unger",NA,"Antwerp Headers.csv"
"400","AntwerpHerring001","Herring","1","Belgium","Antwerp","Grams Ag/Each",1,0.12,"Herring (Antwerp)","Herring",NA,"Grams Ag","none","Allen-Unger",NA,"Antwerp Headers.csv"
"401","AntwerpWoolenLinen001","Woolen Linen",NA,"Belgium","Antwerp","Grams Ag/m",NA,NA,"Woolen Linen (Antwerp)","Woolen Linen",NA,"Grams Ag","none","Allen-Unger",NA,"Antwerp Headers.csv"
"402","AntwerpLinen001","Linen",NA,"Belgium","Antwerp","Grams Ag/m",NA,NA,"Linen (Antwerp)","Linen",NA,"Grams Ag","none","Allen-Unger",NA,"Antwerp Headers.csv"
"403","AntwerpRedWine001","Red Wine",NA,"Belgium","Antwerp","Grams Ag/Litre",NA,NA,"Red Wine (Antwerp)","Red Wine",NA,"Grams Ag","none","Allen-Unger",NA,"Antwerp Headers.csv"
"404","AntwerpRyeBread004","Rye Bread",NA,"Belgium","Antwerp","Grams Ag/kg",NA,NA,"Rye Bread (Antwerp)","Rye Bread",NA,"Grams Ag","none","Allen-Unger",NA,"Antwerp Headers.csv"
"405","AntwerpPeas002","Peas",NA,"Belgium","Antwerp","Grams Ag/Litre",NA,NA,"Peas (Antwerp)","Peas",NA,"Grams Ag","none","Allen-Unger",NA,"Antwerp Headers.csv"
"406","AntwerpButter002","Butter",NA,"Belgium","Antwerp","Grams Ag/kg",NA,NA,"Butter (Antwerp)","Butter",NA,"Grams Ag","none","Allen-Unger",NA,"Antwerp Headers.csv"
"407","AntwerpSaltedHerring001","Salted Herring",NA,"Belgium","Antwerp","Grams Ag/Each",1,0.12,"Salted Herring (Antwerp)","Salted Herring",NA,"Grams Ag","none","Allen-Unger",NA,"Antwerp Headers.csv"
"408","AntwerpRapeseedOil002","Rapeseed Oil",NA,"Belgium","Antwerp","Grams Ag/Litre",NA,NA,"Rapeseed Oil (Antwerp)","Rapeseed Oil",NA,"Grams Ag","none","Allen-Unger",NA,"Antwerp Headers.csv"
"409","AntwerpTurf001","Turf",NA,"Belgium","Antwerp","Grams Ag/Litre",NA,NA,"Turf (Antwerp)","Turf",NA,"Grams Ag","none","Allen-Unger",NA,"Antwerp Headers.csv"
"410","AntwerpCoal001","Coal",NA,"Belgium","Antwerp","Grams Ag/kg",NA,NA,"Coal (Antwerp)","Coal",NA,"Grams Ag","none","Allen-Unger",NA,"Antwerp Headers.csv"
"411","AntwerpCharcoal002","Charcoal",NA,"Belgium","Antwerp","Grams Ag/Litre",NA,NA,"Charcoal (Antwerp)","Charcoal",NA,"Grams Ag","none","Allen-Unger",NA,"Antwerp Headers.csv"
"412","AntwerpCandles001","Candles",NA,"Belgium","Antwerp","Grams Ag/kg",NA,NA,"Candles (Antwerp)","Candles",NA,"Grams Ag","none","Allen-Unger",NA,"Antwerp Headers.csv"
"413","AntwerpSoap001","Soap",NA,"Belgium","Antwerp","Grams Ag/Litre",NA,NA,"Soap (Antwerp)","Soap",NA,"Grams Ag","none","Allen-Unger",NA,"Antwerp Headers.csv"
"414","AntwerpBeef001","Beef",NA,"Belgium","Antwerp","Grams Ag/kg",1,1,"Beef (Antwerp)","Beef",NA,"Grams Ag","none","Allen-Unger",NA,"Antwerp Headers.csv"
"415","AntwerpCheese002","Cheese",NA,"Belgium","Antwerp","Grams Ag/kg",NA,NA,"Cheese (Antwerp)","Cheese",NA,"Grams Ag","none","Allen-Unger",NA,"Antwerp Headers.csv"
"416","AntwerpStockfish001","Stockfish",NA,"Belgium","Antwerp","Grams Ag/kg",1,1,"Stockfish (Antwerp)","Stockfish",NA,"Grams Ag","none","Allen-Unger",NA,"Antwerp Headers.csv"
"417","AntwerpSugar001","Sugar",NA,"Belgium","Antwerp","Grams Ag/kg",NA,NA,"Sugar (Antwerp)","Sugar",NA,"Grams Ag","none","Allen-Unger",NA,"Antwerp Headers.csv"
"418","AntwerpRice001","Rice",NA,"Belgium","Antwerp","Grams Ag/kg",NA,NA,"Rice (Antwerp)","Rice",NA,"Grams Ag","none","Allen-Unger",NA,"Antwerp Headers.csv"
"419","AntwerpRyeBread005","Rye Bread",NA,"Belgium","Antwerp","Grams Ag/kg",NA,NA,"Rye Bread (Antwerp)","Rye Bread",NA,"Grams Ag","none","Allen-Unger",NA,"Antwerp Headers.csv"
"420","AntwerpRye002","Rye",NA,"Belgium","Antwerp","Grams Ag/hl",NA,NA,"Rye (Antwerp)","Rye",NA,"Grams Ag","none","Allen-Unger",NA,"Antwerp Headers.csv"
"421","AntwerpWheat002","Wheat",NA,"Belgium","Antwerp","Grams Ag/hl",NA,NA,"Wheat (Antwerp)","Wheat",NA,"Grams Ag","none","Allen-Unger",NA,"Antwerp Headers.csv"
"422","AntwerpWheatBread003","Wheat Bread",NA,"Belgium","Antwerp","Grams Ag/kg",NA,NA,"Wheat Bread (Antwerp)","Wheat Bread",NA,"Grams Ag","none","Allen-Unger",NA,"Antwerp Headers.csv"
"423","AntwerpWheatBread004","Wheat Bread",NA,"Belgium","Antwerp","Grams Ag/kg",NA,NA,"Wheat Bread (Antwerp)","Wheat Bread",NA,"Grams Ag","none","Allen-Unger",NA,"Antwerp Headers.csv"
"424","AntwerpPotatoes001","Potatoes",NA,"Belgium","Antwerp","Grams Ag/hl",NA,NA,"Potatoes (Antwerp)","Potatoes",NA,"Grams Ag","none","Allen-Unger",NA,"Antwerp Headers.csv"
"425","AntwerpBeef002","Beef",NA,"Belgium","Antwerp","Grams Ag/kg",1,1,"Beef (Antwerp)","Beef",NA,"Grams Ag","none","Allen-Unger",NA,"Antwerp Headers.csv"
"426","AntwerpButter003","Butter",NA,"Belgium","Antwerp","Grams Ag/kg",NA,NA,"Butter (Antwerp)","Butter",NA,"Grams Ag","none","Allen-Unger",NA,"Antwerp Headers.csv"
"427","AntwerpLinen002","Linen",NA,"Belgium","Antwerp","Grams Ag/m",NA,NA,"Linen (Antwerp)","Linen",NA,"Grams Ag","none","Allen-Unger",NA,"Antwerp Headers.csv"
"428","AntwerpEggs002","Eggs",NA,"Belgium","Antwerp","Grams Ag/Each",NA,NA,"Eggs (Antwerp)","Eggs",NA,"Grams Ag","none","Allen-Unger",NA,"Antwerp Headers.csv"
"429","AntwerpEggs003","Eggs",NA,"Belgium","Antwerp","Grams Ag/Each",NA,NA,"Eggs (Antwerp)","Eggs",NA,"Grams Ag","none","Allen-Unger",NA,"Antwerp Headers.csv"
"430","AntwerpRundsvlees002","Rundsvlees",NA,"Belgium","Antwerp","Grams Ag/kg",NA,NA,"Rundsvlees (Antwerp)","Rundsvlees",NA,"Grams Ag","none","Allen-Unger",NA,"Antwerp Headers.csv"
"431","FrankfurtBarley001","Frankfurt Barley","1","Germany","Frankfurt","Litre",1,1,"Barley (Frankfurt)","Barley",NA,NA,"none","Allen-Unger",NA,"Frankfurt Headers.csv"
"432","FrankfurtBeans001","Frankfurt Beans",NA,"Germany","Frankfurt","Litre",1,1,"Beans (Frankfurt)","Beans",NA,NA,"none","Allen-Unger",NA,"Frankfurt Headers.csv"
"433","FrankfurtBeef001","Frankfurt Beef","1","Germany","Frankfurt","Kilogram",1,0.4678,"Beef (Frankfurt)","Beef",NA,NA,"Frankfurt.Pfenning.to.Grams.Ag","Allen-Unger",NA,"Frankfurt Headers.csv"
"434","FrankfurtBeer001","Frankfurt Beer",NA,"Germany","Frankfurt","Litre",1,1,"Beer (Frankfurt)","Beer",NA,NA,"none","Allen-Unger",NA,"Frankfurt Headers.csv"
"435","FrankfurtButter001","Frankfurt Butter",NA,"Germany","Frankfurt","Kilogram",1,1,"Butter (Frankfurt)","Butter",NA,NA,"none","Allen-Unger",NA,"Frankfurt Headers.csv"
"436","FrankfurtCandles001","Frankfurt Candles",NA,"Germany","Frankfurt","Kilogram",1,1,"Candles (Frankfurt)","Candles",NA,NA,"none","Allen-Unger",NA,"Frankfurt Headers.csv"
"437","FrankfurtCharcoal001","Frankfurt Charcoal",NA,"Germany","Frankfurt","Litre",1,1,"Charcoal (Frankfurt)","Charcoal",NA,NA,"none","Allen-Unger",NA,"Frankfurt Headers.csv"
"438","FrankfurtCheese001","Frankfurt Cheese",NA,"Germany","Frankfurt","Kilogram",1,1,"Cheese (Frankfurt)","Cheese",NA,NA,"none","Allen-Unger",NA,"Frankfurt Headers.csv"
"439","FrankfurtCinnamon001","Frankfurt Cinnamon",NA,"Germany","Frankfurt","Kilogram",1,1,"Cinnamon (Frankfurt)","Cinnamon",NA,NA,"none","Allen-Unger",NA,"Frankfurt Headers.csv"
"440","FrankfurtCloth001","Frankfurt Cloth",NA,"Germany","Frankfurt","Metre",1,1,"Cloth (Frankfurt)","Cloth",NA,NA,"none","Allen-Unger",NA,"Frankfurt Headers.csv"
"441","FrankfurtCloves001","Frankfurt Cloves",NA,"Germany","Frankfurt","Kilogram",1,1,"Cloves (Frankfurt)","Cloves",NA,NA,"none","Allen-Unger",NA,"Frankfurt Headers.csv"
"442","FrankfurtFirewood001","Frankfurt Firewood",NA,"Germany","Frankfurt","Cubic Metre",1,1,"Firewood (Frankfurt)","Firewood",NA,NA,"none","Allen-Unger",NA,"Frankfurt Headers.csv"
"443","FrankfurtHam001","Frankfurt Ham",NA,"Germany","Frankfurt","Kilogram",1,0.4678,"Ham (Frankfurt)","Ham",NA,NA,"Frankfurt.Pfenning.to.Grams.Ag","Allen-Unger",NA,"Frankfurt Headers.csv"
"444","FrankfurtHerring001","Frankfurt Herring","1","Germany","Frankfurt","Litre",1,170,"Herring (Frankfurt)","Herring",NA,NA,"Frankfurt.Pfenning.to.Grams.Ag","Allen-Unger",NA,"Frankfurt Headers.csv"
"445","FrankfurtLinen001","Frankfurt Linen",NA,"Germany","Frankfurt","Metre",1,1,"Linen (Frankfurt)","Linen",NA,NA,"none","Allen-Unger",NA,"Frankfurt Headers.csv"
"446","FrankfurtMutton001","Frankfurt Mutton","1","Germany","Frankfurt","Kilogram",1,0.4678,"Mutton (Frankfurt)","Mutton",NA,NA,"Frankfurt.Pfenning.to.Grams.Ag","Allen-Unger",NA,"Frankfurt Headers.csv"
"447","FrankfurtNutmeg001","Frankfurt Nutmeg",NA,"Germany","Frankfurt","Kilogram",1,1,"Nutmeg (Frankfurt)","Nutmeg",NA,NA,"none","Allen-Unger",NA,"Frankfurt Headers.csv"
"448","FrankfurtPaper001","Frankfurt Paper",NA,"Germany","Frankfurt","Augsburg Ream",1,1,"Paper (Frankfurt)","Paper",NA,NA,"none","Allen-Unger",NA,"Frankfurt Headers.csv"
"449","FrankfurtParchment001","Frankfurt Parchment",NA,"Germany","Frankfurt","Frankfurt Haut",1,1,"Parchment (Frankfurt)","Parchment",NA,NA,"none","Allen-Unger",NA,"Frankfurt Headers.csv"
"450","FrankfurtPeas001","Frankfurt Peas",NA,"Germany","Frankfurt","Litre",1,1,"Peas (Frankfurt)","Peas",NA,NA,"none","Allen-Unger",NA,"Frankfurt Headers.csv"
"451","FrankfurtPepper001","Frankfurt Pepper",NA,"Germany","Frankfurt","Kilogram",1,1,"Pepper (Frankfurt)","Pepper",NA,NA,"none","Allen-Unger",NA,"Frankfurt Headers.csv"
"452","FrankfurtRye001","Frankfurt Rye","1","Germany","Frankfurt","Litre",1,1,"Rye (Frankfurt)","Rye",NA,NA,"none","Allen-Unger",NA,"Frankfurt Headers.csv"
"453","FrankfurtSaffron001","Frankfurt Saffron",NA,"Germany","Frankfurt","Kilogram",1,1,"Saffron (Frankfurt)","Saffron",NA,NA,"none","Allen-Unger",NA,"Frankfurt Headers.csv"
"454","FrankfurtSalt001","Frankfurt Salt",NA,"Germany","Frankfurt","Litre",1,1,"Salt (Frankfurt)","Salt",NA,NA,"none","Allen-Unger",NA,"Frankfurt Headers.csv"
"455","FrankfurtSoap001","Frankfurt Soap",NA,"Germany","Frankfurt","Kilogram",1,1,"Soap (Frankfurt)","Soap",NA,NA,"none","Allen-Unger",NA,"Frankfurt Headers.csv"
"456","FrankfurtSugar001","Frankfurt Sugar",NA,"Germany","Frankfurt","Kilogram",1,1,"Sugar (Frankfurt)","Sugar",NA,NA,"none","Allen-Unger",NA,"Frankfurt Headers.csv"
"457","FrankfurtVeal001","Frankfurt Veal","1","Germany","Frankfurt","Kilogram",1,0.4678,"Veal (Frankfurt)","Veal",NA,NA,"Frankfurt.Pfenning.to.Grams.Ag","Allen-Unger",NA,"Frankfurt Headers.csv"
"458","FrankfurtVinegar001","Frankfurt Vinegar",NA,"Germany","Frankfurt","Litre",1,1,"Vinegar (Frankfurt)","Vinegar",NA,NA,"none","Allen-Unger",NA,"Frankfurt Headers.csv"
"459","FrankfurtWax001","Frankfurt Wax",NA,"Germany","Frankfurt","Kilogram",1,1,"Wax (Frankfurt)","Wax",NA,NA,"none","Allen-Unger",NA,"Frankfurt Headers.csv"
"460","FrankfurtWheat001","Frankfurt Wheat","1","Germany","Frankfurt","Litre",1,1,"Wheat (Frankfurt)","Wheat",NA,NA,"none","Allen-Unger",NA,"Frankfurt Headers.csv"
"461","FrankfurtWine001","Frankfurt Wine",NA,"Germany","Frankfurt","Litre",1,1,"Wine (Frankfurt)","Wine",NA,NA,"none","Allen-Unger",NA,"Frankfurt Headers.csv"
"462","BergenStockfish001","Bergen Stockfish","1","Norway","Bergen","Summer",1,67.9,"Stockfish (Bergen)","Cod",NA,NA,"none","Nedkvitne",NA,"Norway Headers.csv"
